id_diseases,eng,viet,bv_tuong_ung
1DIFU,Fungal infection,Nhiễm nấm,ĐK BVTP1;ĐK BVTP2;ĐK BVTP3;ĐK BVTP4;ĐK BVTP5;ĐK BVTP6;ĐK BVTP7;ĐK BVTP8;ĐK BVTP9;ĐK BVTP10;ĐK BVTP11;ĐK BVTP12;ĐK BVTP13;ĐK BVQH1;ĐK BVQH2;ĐK BVQH3;ĐK BVQH4;ĐK BVQH5;ĐK BVQH6;ĐK BVQH7;ĐK BVQH8;ĐK BVQH9;ĐK BVQH10;ĐK BVQH11;ĐK BVQH12;ĐK BVQH13;ĐK BVQH14;ĐK BVQH15;ĐK BVQH16;ĐK BVQH17;ĐK BVQH18;ĐK BVQH19;ĐK BVQH20;ĐK BVQH21;ĐK BVQH22;ĐK BVQH23;ĐK BVTN1;ĐK BVTN2;ĐK BVTN3;ĐK BVTN4;ĐK BVTN5;ĐK BVTN6;ĐK BVTN7;ĐK BVTN8;ĐK BVTN9;ĐK BVTN10;ĐK BVTN11;ĐK BVTN12;ĐK BVTN13;ĐK BVTN14;ĐK BVTN15;ĐK BVTN16;ĐK BVTN17;ĐK BVTN18;ĐK BVTN19;ĐK BVQP1;ĐK PKĐK1;ĐK PKĐK2;ĐK PKĐK3;ĐK PKĐK4;ĐK PKĐK5;ĐK PKĐK6;ĐK PKĐK7;ĐK PKĐK8;ĐK PKĐK9;ĐK PKĐK10;ĐK PKĐK11;ĐK PKĐK12;ĐK PKĐK13;ĐK PKĐK14;ĐK PKĐK15;ĐK PKĐK16;ĐK PKĐK17;ĐK PKĐK18;ĐK PKĐK19;ĐK PKĐK20;ĐK PKĐK21;ĐK PKĐK22;ĐK PKĐK23;ĐK PKĐK24;ĐK PKĐK25;ĐK PKĐK26;ĐK PKĐK27;ĐK PKĐK28;ĐK PKĐK29;ĐK PKĐK30;ĐK PKĐK31;ĐK PKĐK32;ĐK PKĐK33;ĐK PKĐK34;ĐK PKĐK35;ĐK PKĐK36;ĐK PKĐK37;ĐK PKĐK38;ĐK PKĐK39;ĐK PKĐK40;ĐK PKĐK41;ĐK PKĐK42;ĐK PKĐK43;ĐK PKĐK44;ĐK PKĐK45;ĐK PKĐK46;ĐK PKĐK47;ĐK PKĐK48;ĐK PKĐK49;ĐK PKĐK50;ĐK PKĐK51;ĐK PKĐK52;ĐK PKĐK53;ĐK PKĐK54;ĐK PKĐK55;ĐK PKĐK56;ĐK PKĐK57;ĐK PKĐK58;ĐK PKĐK59;ĐK PKĐK60;ĐK PKĐK61;ĐK PKĐK62;ĐK PKĐK63;ĐK PKĐK64;ĐK PKĐK65;ĐK PKĐK66;ĐK PKĐK67;ĐK PKĐK68;ĐK PKĐK69;ĐK PKĐK70;ĐK PKĐK71;ĐK PKĐK72;ĐK PKĐK73;ĐK PKĐK74;ĐK PKĐK75;ĐK PKĐK76;ĐK PKĐK77;ĐK PKĐK78;ĐK PKĐK79;ĐK PKĐK80;ĐK PKĐK81;ĐK PKĐK82;ĐK PKĐK83;ĐK PKĐK84;ĐK PKĐK85;ĐK PKĐK86;ĐK PKĐK87;ĐK PKĐK88;ĐK PKĐK89;ĐK PKĐK90;ĐK PKĐK91;ĐK PKĐK92;ĐK PKĐK93;ĐK PKĐK94;ĐK PKĐK95;ĐK PKĐK96;ĐK PKĐK97;ĐK PKĐK98;ĐK PKĐK99;ĐK PKĐK100;ĐK PKĐK101;ĐK PKĐK102;ĐK PKĐK103;ĐK PKĐK104;ĐK PKĐK105;ĐK PKĐK106;ĐK PKĐK107;ĐK PKĐK108;ĐK PKĐK109;ĐK PKĐK110;ĐK PKĐK111
3DALL,Allergy,Dị ứng,ĐK BVTP1;ĐK BVTP2;ĐK BVTP3;ĐK BVTP4;ĐK BVTP5;ĐK BVTP6;ĐK BVTP7;ĐK BVTP8;ĐK BVTP9;ĐK BVTP10;ĐK BVTP11;ĐK BVTP12;ĐK BVTP13;ĐK BVQH1;ĐK BVQH2;ĐK BVQH3;ĐK BVQH4;ĐK BVQH5;ĐK BVQH6;ĐK BVQH7;ĐK BVQH8;ĐK BVQH9;ĐK BVQH10;ĐK BVQH11;ĐK BVQH12;ĐK BVQH13;ĐK BVQH14;ĐK BVQH15;ĐK BVQH16;ĐK BVQH17;ĐK BVQH18;ĐK BVQH19;ĐK BVQH20;ĐK BVQH21;ĐK BVQH22;ĐK BVQH23;ĐK BVTN1;ĐK BVTN2;ĐK BVTN3;ĐK BVTN4;ĐK BVTN5;ĐK BVTN6;ĐK BVTN7;ĐK BVTN8;ĐK BVTN9;ĐK BVTN10;ĐK BVTN11;ĐK BVTN12;ĐK BVTN13;ĐK BVTN14;ĐK BVTN15;ĐK BVTN16;ĐK BVTN17;ĐK BVTN18;ĐK BVTN19;ĐK BVQP1;ĐK PKĐK1;ĐK PKĐK2;ĐK PKĐK3;ĐK PKĐK4;ĐK PKĐK5;ĐK PKĐK6;ĐK PKĐK7;ĐK PKĐK8;ĐK PKĐK9;ĐK PKĐK10;ĐK PKĐK11;ĐK PKĐK12;ĐK PKĐK13;ĐK PKĐK14;ĐK PKĐK15;ĐK PKĐK16;ĐK PKĐK17;ĐK PKĐK18;ĐK PKĐK19;ĐK PKĐK20;ĐK PKĐK21;ĐK PKĐK22;ĐK PKĐK23;ĐK PKĐK24;ĐK PKĐK25;ĐK PKĐK26;ĐK PKĐK27;ĐK PKĐK28;ĐK PKĐK29;ĐK PKĐK30;ĐK PKĐK31;ĐK PKĐK32;ĐK PKĐK33;ĐK PKĐK34;ĐK PKĐK35;ĐK PKĐK36;ĐK PKĐK37;ĐK PKĐK38;ĐK PKĐK39;ĐK PKĐK40;ĐK PKĐK41;ĐK PKĐK42;ĐK PKĐK43;ĐK PKĐK44;ĐK PKĐK45;ĐK PKĐK46;ĐK PKĐK47;ĐK PKĐK48;ĐK PKĐK49;ĐK PKĐK50;ĐK PKĐK51;ĐK PKĐK52;ĐK PKĐK53;ĐK PKĐK54;ĐK PKĐK55;ĐK PKĐK56;ĐK PKĐK57;ĐK PKĐK58;ĐK PKĐK59;ĐK PKĐK60;ĐK PKĐK61;ĐK PKĐK62;ĐK PKĐK63;ĐK PKĐK64;ĐK PKĐK65;ĐK PKĐK66;ĐK PKĐK67;ĐK PKĐK68;ĐK PKĐK69;ĐK PKĐK70;ĐK PKĐK71;ĐK PKĐK72;ĐK PKĐK73;ĐK PKĐK74;ĐK PKĐK75;ĐK PKĐK76;ĐK PKĐK77;ĐK PKĐK78;ĐK PKĐK79;ĐK PKĐK80;ĐK PKĐK81;ĐK PKĐK82;ĐK PKĐK83;ĐK PKĐK84;ĐK PKĐK85;ĐK PKĐK86;ĐK PKĐK87;ĐK PKĐK88;ĐK PKĐK89;ĐK PKĐK90;ĐK PKĐK91;ĐK PKĐK92;ĐK PKĐK93;ĐK PKĐK94;ĐK PKĐK95;ĐK PKĐK96;ĐK PKĐK97;ĐK PKĐK98;ĐK PKĐK99;ĐK PKĐK100;ĐK PKĐK101;ĐK PKĐK102;ĐK PKĐK103;ĐK PKĐK104;ĐK PKĐK105;ĐK PKĐK106;ĐK PKĐK107;ĐK PKĐK108;ĐK PKĐK109;ĐK PKĐK110;ĐK PKĐK111
2DGER,GERD,Bệnh trào ngược dạ dày - thực quản,ĐK BVTP1;ĐK BVTP2;ĐK BVTP3;ĐK BVTP4;ĐK BVTP5;ĐK BVTP6;ĐK BVTP7;ĐK BVTP8;ĐK BVTP9;ĐK BVTP10;ĐK BVTP11;ĐK BVTP12;ĐK BVTP13;ĐK BVQH1;ĐK BVQH2;ĐK BVQH3;ĐK BVQH4;ĐK BVQH5;ĐK BVQH6;ĐK BVQH7;ĐK BVQH8;ĐK BVQH9;ĐK BVQH10;ĐK BVQH11;ĐK BVQH12;ĐK BVQH13;ĐK BVQH14;ĐK BVQH15;ĐK BVQH16;ĐK BVQH17;ĐK BVQH18;ĐK BVQH19;ĐK BVQH20;ĐK BVQH21;ĐK BVQH22;ĐK BVQH23;ĐK BVTN1;ĐK BVTN2;ĐK BVTN3;ĐK BVTN4;ĐK BVTN5;ĐK BVTN6;ĐK BVTN7;ĐK BVTN8;ĐK BVTN9;ĐK BVTN10;ĐK BVTN11;ĐK BVTN12;ĐK BVTN13;ĐK BVTN14;ĐK BVTN15;ĐK BVTN16;ĐK BVTN17;ĐK BVTN18;ĐK BVTN19;ĐK BVQP1;ĐK PKĐK1;ĐK PKĐK2;ĐK PKĐK3;ĐK PKĐK4;ĐK PKĐK5;ĐK PKĐK6;ĐK PKĐK7;ĐK PKĐK8;ĐK PKĐK9;ĐK PKĐK10;ĐK PKĐK11;ĐK PKĐK12;ĐK PKĐK13;ĐK PKĐK14;ĐK PKĐK15;ĐK PKĐK16;ĐK PKĐK17;ĐK PKĐK18;ĐK PKĐK19;ĐK PKĐK20;ĐK PKĐK21;ĐK PKĐK22;ĐK PKĐK23;ĐK PKĐK24;ĐK PKĐK25;ĐK PKĐK26;ĐK PKĐK27;ĐK PKĐK28;ĐK PKĐK29;ĐK PKĐK30;ĐK PKĐK31;ĐK PKĐK32;ĐK PKĐK33;ĐK PKĐK34;ĐK PKĐK35;ĐK PKĐK36;ĐK PKĐK37;ĐK PKĐK38;ĐK PKĐK39;ĐK PKĐK40;ĐK PKĐK41;ĐK PKĐK42;ĐK PKĐK43;ĐK PKĐK44;ĐK PKĐK45;ĐK PKĐK46;ĐK PKĐK47;ĐK PKĐK48;ĐK PKĐK49;ĐK PKĐK50;ĐK PKĐK51;ĐK PKĐK52;ĐK PKĐK53;ĐK PKĐK54;ĐK PKĐK55;ĐK PKĐK56;ĐK PKĐK57;ĐK PKĐK58;ĐK PKĐK59;ĐK PKĐK60;ĐK PKĐK61;ĐK PKĐK62;ĐK PKĐK63;ĐK PKĐK64;ĐK PKĐK65;ĐK PKĐK66;ĐK PKĐK67;ĐK PKĐK68;ĐK PKĐK69;ĐK PKĐK70;ĐK PKĐK71;ĐK PKĐK72;ĐK PKĐK73;ĐK PKĐK74;ĐK PKĐK75;ĐK PKĐK76;ĐK PKĐK77;ĐK PKĐK78;ĐK PKĐK79;ĐK PKĐK80;ĐK PKĐK81;ĐK PKĐK82;ĐK PKĐK83;ĐK PKĐK84;ĐK PKĐK85;ĐK PKĐK86;ĐK PKĐK87;ĐK PKĐK88;ĐK PKĐK89;ĐK PKĐK90;ĐK PKĐK91;ĐK PKĐK92;ĐK PKĐK93;ĐK PKĐK94;ĐK PKĐK95;ĐK PKĐK96;ĐK PKĐK97;ĐK PKĐK98;ĐK PKĐK99;ĐK PKĐK100;ĐK PKĐK101;ĐK PKĐK102;ĐK PKĐK103;ĐK PKĐK104;ĐK PKĐK105;ĐK PKĐK106;ĐK PKĐK107;ĐK PKĐK108;ĐK PKĐK109;ĐK PKĐK110;ĐK PKĐK111
2DCCH,Chronic cholestasis,Ứ mật mãn tính,ĐK BVTP1;ĐK BVTP2;ĐK BVTP3;ĐK BVTP4;ĐK BVTP5;ĐK BVTP6;ĐK BVTP7;ĐK BVTP8;ĐK BVTP9;ĐK BVTP10;ĐK BVTP11;ĐK BVTP12;ĐK BVTP13;ĐK BVQH1;ĐK BVQH2;ĐK BVQH3;ĐK BVQH4;ĐK BVQH5;ĐK BVQH6;ĐK BVQH7;ĐK BVQH8;ĐK BVQH9;ĐK BVQH10;ĐK BVQH11;ĐK BVQH12;ĐK BVQH13;ĐK BVQH14;ĐK BVQH15;ĐK BVQH16;ĐK BVQH17;ĐK BVQH18;ĐK BVQH19;ĐK BVQH20;ĐK BVQH21;ĐK BVQH22;ĐK BVQH23;ĐK BVTN1;ĐK BVTN2;ĐK BVTN3;ĐK BVTN4;ĐK BVTN5;ĐK BVTN6;ĐK BVTN7;ĐK BVTN8;ĐK BVTN9;ĐK BVTN10;ĐK BVTN11;ĐK BVTN12;ĐK BVTN13;ĐK BVTN14;ĐK BVTN15;ĐK BVTN16;ĐK BVTN17;ĐK BVTN18;ĐK BVTN19;ĐK BVQP1;ĐK PKĐK1;ĐK PKĐK2;ĐK PKĐK3;ĐK PKĐK4;ĐK PKĐK5;ĐK PKĐK6;ĐK PKĐK7;ĐK PKĐK8;ĐK PKĐK9;ĐK PKĐK10;ĐK PKĐK11;ĐK PKĐK12;ĐK PKĐK13;ĐK PKĐK14;ĐK PKĐK15;ĐK PKĐK16;ĐK PKĐK17;ĐK PKĐK18;ĐK PKĐK19;ĐK PKĐK20;ĐK PKĐK21;ĐK PKĐK22;ĐK PKĐK23;ĐK PKĐK24;ĐK PKĐK25;ĐK PKĐK26;ĐK PKĐK27;ĐK PKĐK28;ĐK PKĐK29;ĐK PKĐK30;ĐK PKĐK31;ĐK PKĐK32;ĐK PKĐK33;ĐK PKĐK34;ĐK PKĐK35;ĐK PKĐK36;ĐK PKĐK37;ĐK PKĐK38;ĐK PKĐK39;ĐK PKĐK40;ĐK PKĐK41;ĐK PKĐK42;ĐK PKĐK43;ĐK PKĐK44;ĐK PKĐK45;ĐK PKĐK46;ĐK PKĐK47;ĐK PKĐK48;ĐK PKĐK49;ĐK PKĐK50;ĐK PKĐK51;ĐK PKĐK52;ĐK PKĐK53;ĐK PKĐK54;ĐK PKĐK55;ĐK PKĐK56;ĐK PKĐK57;ĐK PKĐK58;ĐK PKĐK59;ĐK PKĐK60;ĐK PKĐK61;ĐK PKĐK62;ĐK PKĐK63;ĐK PKĐK64;ĐK PKĐK65;ĐK PKĐK66;ĐK PKĐK67;ĐK PKĐK68;ĐK PKĐK69;ĐK PKĐK70;ĐK PKĐK71;ĐK PKĐK72;ĐK PKĐK73;ĐK PKĐK74;ĐK PKĐK75;ĐK PKĐK76;ĐK PKĐK77;ĐK PKĐK78;ĐK PKĐK79;ĐK PKĐK80;ĐK PKĐK81;ĐK PKĐK82;ĐK PKĐK83;ĐK PKĐK84;ĐK PKĐK85;ĐK PKĐK86;ĐK PKĐK87;ĐK PKĐK88;ĐK PKĐK89;ĐK PKĐK90;ĐK PKĐK91;ĐK PKĐK92;ĐK PKĐK93;ĐK PKĐK94;ĐK PKĐK95;ĐK PKĐK96;ĐK PKĐK97;ĐK PKĐK98;ĐK PKĐK99;ĐK PKĐK100;ĐK PKĐK101;ĐK PKĐK102;ĐK PKĐK103;ĐK PKĐK104;ĐK PKĐK105;ĐK PKĐK106;ĐK PKĐK107;ĐK PKĐK108;ĐK PKĐK109;ĐK PKĐK110;ĐK PKĐK111
3DDRA,Drug Reaction,Tương tác thuốc,ĐK BVTP1;ĐK BVTP2;ĐK BVTP3;ĐK BVTP4;ĐK BVTP5;ĐK BVTP6;ĐK BVTP7;ĐK BVTP8;ĐK BVTP9;ĐK BVTP10;ĐK BVTP11;ĐK BVTP12;ĐK BVTP13;ĐK BVQH1;ĐK BVQH2;ĐK BVQH3;ĐK BVQH4;ĐK BVQH5;ĐK BVQH6;ĐK BVQH7;ĐK BVQH8;ĐK BVQH9;ĐK BVQH10;ĐK BVQH11;ĐK BVQH12;ĐK BVQH13;ĐK BVQH14;ĐK BVQH15;ĐK BVQH16;ĐK BVQH17;ĐK BVQH18;ĐK BVQH19;ĐK BVQH20;ĐK BVQH21;ĐK BVQH22;ĐK BVQH23;ĐK BVTN1;ĐK BVTN2;ĐK BVTN3;ĐK BVTN4;ĐK BVTN5;ĐK BVTN6;ĐK BVTN7;ĐK BVTN8;ĐK BVTN9;ĐK BVTN10;ĐK BVTN11;ĐK BVTN12;ĐK BVTN13;ĐK BVTN14;ĐK BVTN15;ĐK BVTN16;ĐK BVTN17;ĐK BVTN18;ĐK BVTN19;ĐK BVQP1;ĐK PKĐK1;ĐK PKĐK2;ĐK PKĐK3;ĐK PKĐK4;ĐK PKĐK5;ĐK PKĐK6;ĐK PKĐK7;ĐK PKĐK8;ĐK PKĐK9;ĐK PKĐK10;ĐK PKĐK11;ĐK PKĐK12;ĐK PKĐK13;ĐK PKĐK14;ĐK PKĐK15;ĐK PKĐK16;ĐK PKĐK17;ĐK PKĐK18;ĐK PKĐK19;ĐK PKĐK20;ĐK PKĐK21;ĐK PKĐK22;ĐK PKĐK23;ĐK PKĐK24;ĐK PKĐK25;ĐK PKĐK26;ĐK PKĐK27;ĐK PKĐK28;ĐK PKĐK29;ĐK PKĐK30;ĐK PKĐK31;ĐK PKĐK32;ĐK PKĐK33;ĐK PKĐK34;ĐK PKĐK35;ĐK PKĐK36;ĐK PKĐK37;ĐK PKĐK38;ĐK PKĐK39;ĐK PKĐK40;ĐK PKĐK41;ĐK PKĐK42;ĐK PKĐK43;ĐK PKĐK44;ĐK PKĐK45;ĐK PKĐK46;ĐK PKĐK47;ĐK PKĐK48;ĐK PKĐK49;ĐK PKĐK50;ĐK PKĐK51;ĐK PKĐK52;ĐK PKĐK53;ĐK PKĐK54;ĐK PKĐK55;ĐK PKĐK56;ĐK PKĐK57;ĐK PKĐK58;ĐK PKĐK59;ĐK PKĐK60;ĐK PKĐK61;ĐK PKĐK62;ĐK PKĐK63;ĐK PKĐK64;ĐK PKĐK65;ĐK PKĐK66;ĐK PKĐK67;ĐK PKĐK68;ĐK PKĐK69;ĐK PKĐK70;ĐK PKĐK71;ĐK PKĐK72;ĐK PKĐK73;ĐK PKĐK74;ĐK PKĐK75;ĐK PKĐK76;ĐK PKĐK77;ĐK PKĐK78;ĐK PKĐK79;ĐK PKĐK80;ĐK PKĐK81;ĐK PKĐK82;ĐK PKĐK83;ĐK PKĐK84;ĐK PKĐK85;ĐK PKĐK86;ĐK PKĐK87;ĐK PKĐK88;ĐK PKĐK89;ĐK PKĐK90;ĐK PKĐK91;ĐK PKĐK92;ĐK PKĐK93;ĐK PKĐK94;ĐK PKĐK95;ĐK PKĐK96;ĐK PKĐK97;ĐK PKĐK98;ĐK PKĐK99;ĐK PKĐK100;ĐK PKĐK101;ĐK PKĐK102;ĐK PKĐK103;ĐK PKĐK104;ĐK PKĐK105;ĐK PKĐK106;ĐK PKĐK107;ĐK PKĐK108;ĐK PKĐK109;ĐK PKĐK110;ĐK PKĐK111
2DPUL,Peptic ulcer diseae,Loét dạ dày - tá tràng,ĐK BVTP1;ĐK BVTP2;ĐK BVTP3;ĐK BVTP4;ĐK BVTP5;ĐK BVTP6;ĐK BVTP7;ĐK BVTP8;ĐK BVTP9;ĐK BVTP10;ĐK BVTP11;ĐK BVTP12;ĐK BVTP13;ĐK BVQH1;ĐK BVQH2;ĐK BVQH3;ĐK BVQH4;ĐK BVQH5;ĐK BVQH6;ĐK BVQH7;ĐK BVQH8;ĐK BVQH9;ĐK BVQH10;ĐK BVQH11;ĐK BVQH12;ĐK BVQH13;ĐK BVQH14;ĐK BVQH15;ĐK BVQH16;ĐK BVQH17;ĐK BVQH18;ĐK BVQH19;ĐK BVQH20;ĐK BVQH21;ĐK BVQH22;ĐK BVQH23;ĐK BVTN1;ĐK BVTN2;ĐK BVTN3;ĐK BVTN4;ĐK BVTN5;ĐK BVTN6;ĐK BVTN7;ĐK BVTN8;ĐK BVTN9;ĐK BVTN10;ĐK BVTN11;ĐK BVTN12;ĐK BVTN13;ĐK BVTN14;ĐK BVTN15;ĐK BVTN16;ĐK BVTN17;ĐK BVTN18;ĐK BVTN19;ĐK BVQP1;ĐK PKĐK1;ĐK PKĐK2;ĐK PKĐK3;ĐK PKĐK4;ĐK PKĐK5;ĐK PKĐK6;ĐK PKĐK7;ĐK PKĐK8;ĐK PKĐK9;ĐK PKĐK10;ĐK PKĐK11;ĐK PKĐK12;ĐK PKĐK13;ĐK PKĐK14;ĐK PKĐK15;ĐK PKĐK16;ĐK PKĐK17;ĐK PKĐK18;ĐK PKĐK19;ĐK PKĐK20;ĐK PKĐK21;ĐK PKĐK22;ĐK PKĐK23;ĐK PKĐK24;ĐK PKĐK25;ĐK PKĐK26;ĐK PKĐK27;ĐK PKĐK28;ĐK PKĐK29;ĐK PKĐK30;ĐK PKĐK31;ĐK PKĐK32;ĐK PKĐK33;ĐK PKĐK34;ĐK PKĐK35;ĐK PKĐK36;ĐK PKĐK37;ĐK PKĐK38;ĐK PKĐK39;ĐK PKĐK40;ĐK PKĐK41;ĐK PKĐK42;ĐK PKĐK43;ĐK PKĐK44;ĐK PKĐK45;ĐK PKĐK46;ĐK PKĐK47;ĐK PKĐK48;ĐK PKĐK49;ĐK PKĐK50;ĐK PKĐK51;ĐK PKĐK52;ĐK PKĐK53;ĐK PKĐK54;ĐK PKĐK55;ĐK PKĐK56;ĐK PKĐK57;ĐK PKĐK58;ĐK PKĐK59;ĐK PKĐK60;ĐK PKĐK61;ĐK PKĐK62;ĐK PKĐK63;ĐK PKĐK64;ĐK PKĐK65;ĐK PKĐK66;ĐK PKĐK67;ĐK PKĐK68;ĐK PKĐK69;ĐK PKĐK70;ĐK PKĐK71;ĐK PKĐK72;ĐK PKĐK73;ĐK PKĐK74;ĐK PKĐK75;ĐK PKĐK76;ĐK PKĐK77;ĐK PKĐK78;ĐK PKĐK79;ĐK PKĐK80;ĐK PKĐK81;ĐK PKĐK82;ĐK PKĐK83;ĐK PKĐK84;ĐK PKĐK85;ĐK PKĐK86;ĐK PKĐK87;ĐK PKĐK88;ĐK PKĐK89;ĐK PKĐK90;ĐK PKĐK91;ĐK PKĐK92;ĐK PKĐK93;ĐK PKĐK94;ĐK PKĐK95;ĐK PKĐK96;ĐK PKĐK97;ĐK PKĐK98;ĐK PKĐK99;ĐK PKĐK100;ĐK PKĐK101;ĐK PKĐK102;ĐK PKĐK103;ĐK PKĐK104;ĐK PKĐK105;ĐK PKĐK106;ĐK PKĐK107;ĐK PKĐK108;ĐK PKĐK109;ĐK PKĐK110;ĐK PKĐK111
1DAID,AIDS,Hội chứng suy giảm miễn dịch mắc phải (AIDS),ĐK BVTP1;ĐK BVTP2;ĐK BVTP3;ĐK BVTP4;ĐK BVTP5;ĐK BVTP6;ĐK BVTP7;ĐK BVTP8;ĐK BVTP9;ĐK BVTP10;ĐK BVTP11;ĐK BVTP12;ĐK BVTP13;ĐK BVQH1;ĐK BVQH2;ĐK BVQH3;ĐK BVQH4;ĐK BVQH5;ĐK BVQH6;ĐK BVQH7;ĐK BVQH8;ĐK BVQH9;ĐK BVQH10;ĐK BVQH11;ĐK BVQH12;ĐK BVQH13;ĐK BVQH14;ĐK BVQH15;ĐK BVQH16;ĐK BVQH17;ĐK BVQH18;ĐK BVQH19;ĐK BVQH20;ĐK BVQH21;ĐK BVQH22;ĐK BVQH23;ĐK BVTN1;ĐK BVTN2;ĐK BVTN3;ĐK BVTN4;ĐK BVTN5;ĐK BVTN6;ĐK BVTN7;ĐK BVTN8;ĐK BVTN9;ĐK BVTN10;ĐK BVTN11;ĐK BVTN12;ĐK BVTN13;ĐK BVTN14;ĐK BVTN15;ĐK BVTN16;ĐK BVTN17;ĐK BVTN18;ĐK BVTN19;ĐK BVQP1;ĐK PKĐK1;ĐK PKĐK2;ĐK PKĐK3;ĐK PKĐK4;ĐK PKĐK5;ĐK PKĐK6;ĐK PKĐK7;ĐK PKĐK8;ĐK PKĐK9;ĐK PKĐK10;ĐK PKĐK11;ĐK PKĐK12;ĐK PKĐK13;ĐK PKĐK14;ĐK PKĐK15;ĐK PKĐK16;ĐK PKĐK17;ĐK PKĐK18;ĐK PKĐK19;ĐK PKĐK20;ĐK PKĐK21;ĐK PKĐK22;ĐK PKĐK23;ĐK PKĐK24;ĐK PKĐK25;ĐK PKĐK26;ĐK PKĐK27;ĐK PKĐK28;ĐK PKĐK29;ĐK PKĐK30;ĐK PKĐK31;ĐK PKĐK32;ĐK PKĐK33;ĐK PKĐK34;ĐK PKĐK35;ĐK PKĐK36;ĐK PKĐK37;ĐK PKĐK38;ĐK PKĐK39;ĐK PKĐK40;ĐK PKĐK41;ĐK PKĐK42;ĐK PKĐK43;ĐK PKĐK44;ĐK PKĐK45;ĐK PKĐK46;ĐK PKĐK47;ĐK PKĐK48;ĐK PKĐK49;ĐK PKĐK50;ĐK PKĐK51;ĐK PKĐK52;ĐK PKĐK53;ĐK PKĐK54;ĐK PKĐK55;ĐK PKĐK56;ĐK PKĐK57;ĐK PKĐK58;ĐK PKĐK59;ĐK PKĐK60;ĐK PKĐK61;ĐK PKĐK62;ĐK PKĐK63;ĐK PKĐK64;ĐK PKĐK65;ĐK PKĐK66;ĐK PKĐK67;ĐK PKĐK68;ĐK PKĐK69;ĐK PKĐK70;ĐK PKĐK71;ĐK PKĐK72;ĐK PKĐK73;ĐK PKĐK74;ĐK PKĐK75;ĐK PKĐK76;ĐK PKĐK77;ĐK PKĐK78;ĐK PKĐK79;ĐK PKĐK80;ĐK PKĐK81;ĐK PKĐK82;ĐK PKĐK83;ĐK PKĐK84;ĐK PKĐK85;ĐK PKĐK86;ĐK PKĐK87;ĐK PKĐK88;ĐK PKĐK89;ĐK PKĐK90;ĐK PKĐK91;ĐK PKĐK92;ĐK PKĐK93;ĐK PKĐK94;ĐK PKĐK95;ĐK PKĐK96;ĐK PKĐK97;ĐK PKĐK98;ĐK PKĐK99;ĐK PKĐK100;ĐK PKĐK101;ĐK PKĐK102;ĐK PKĐK103;ĐK PKĐK104;ĐK PKĐK105;ĐK PKĐK106;ĐK PKĐK107;ĐK PKĐK108;ĐK PKĐK109;ĐK PKĐK110;ĐK PKĐK111
2DDIA,Diabetes,Đái tháo đường,ĐK BVTP1;ĐK BVTP2;ĐK BVTP3;ĐK BVTP4;ĐK BVTP5;ĐK BVTP6;ĐK BVTP7;ĐK BVTP8;ĐK BVTP9;ĐK BVTP10;ĐK BVTP11;ĐK BVTP12;ĐK BVTP13;ĐK BVQH1;ĐK BVQH2;ĐK BVQH3;ĐK BVQH4;ĐK BVQH5;ĐK BVQH6;ĐK BVQH7;ĐK BVQH8;ĐK BVQH9;ĐK BVQH10;ĐK BVQH11;ĐK BVQH12;ĐK BVQH13;ĐK BVQH14;ĐK BVQH15;ĐK BVQH16;ĐK BVQH17;ĐK BVQH18;ĐK BVQH19;ĐK BVQH20;ĐK BVQH21;ĐK BVQH22;ĐK BVQH23;ĐK BVTN1;ĐK BVTN2;ĐK BVTN3;ĐK BVTN4;ĐK BVTN5;ĐK BVTN6;ĐK BVTN7;ĐK BVTN8;ĐK BVTN9;ĐK BVTN10;ĐK BVTN11;ĐK BVTN12;ĐK BVTN13;ĐK BVTN14;ĐK BVTN15;ĐK BVTN16;ĐK BVTN17;ĐK BVTN18;ĐK BVTN19;ĐK BVQP1;ĐK PKĐK1;ĐK PKĐK2;ĐK PKĐK3;ĐK PKĐK4;ĐK PKĐK5;ĐK PKĐK6;ĐK PKĐK7;ĐK PKĐK8;ĐK PKĐK9;ĐK PKĐK10;ĐK PKĐK11;ĐK PKĐK12;ĐK PKĐK13;ĐK PKĐK14;ĐK PKĐK15;ĐK PKĐK16;ĐK PKĐK17;ĐK PKĐK18;ĐK PKĐK19;ĐK PKĐK20;ĐK PKĐK21;ĐK PKĐK22;ĐK PKĐK23;ĐK PKĐK24;ĐK PKĐK25;ĐK PKĐK26;ĐK PKĐK27;ĐK PKĐK28;ĐK PKĐK29;ĐK PKĐK30;ĐK PKĐK31;ĐK PKĐK32;ĐK PKĐK33;ĐK PKĐK34;ĐK PKĐK35;ĐK PKĐK36;ĐK PKĐK37;ĐK PKĐK38;ĐK PKĐK39;ĐK PKĐK40;ĐK PKĐK41;ĐK PKĐK42;ĐK PKĐK43;ĐK PKĐK44;ĐK PKĐK45;ĐK PKĐK46;ĐK PKĐK47;ĐK PKĐK48;ĐK PKĐK49;ĐK PKĐK50;ĐK PKĐK51;ĐK PKĐK52;ĐK PKĐK53;ĐK PKĐK54;ĐK PKĐK55;ĐK PKĐK56;ĐK PKĐK57;ĐK PKĐK58;ĐK PKĐK59;ĐK PKĐK60;ĐK PKĐK61;ĐK PKĐK62;ĐK PKĐK63;ĐK PKĐK64;ĐK PKĐK65;ĐK PKĐK66;ĐK PKĐK67;ĐK PKĐK68;ĐK PKĐK69;ĐK PKĐK70;ĐK PKĐK71;ĐK PKĐK72;ĐK PKĐK73;ĐK PKĐK74;ĐK PKĐK75;ĐK PKĐK76;ĐK PKĐK77;ĐK PKĐK78;ĐK PKĐK79;ĐK PKĐK80;ĐK PKĐK81;ĐK PKĐK82;ĐK PKĐK83;ĐK PKĐK84;ĐK PKĐK85;ĐK PKĐK86;ĐK PKĐK87;ĐK PKĐK88;ĐK PKĐK89;ĐK PKĐK90;ĐK PKĐK91;ĐK PKĐK92;ĐK PKĐK93;ĐK PKĐK94;ĐK PKĐK95;ĐK PKĐK96;ĐK PKĐK97;ĐK PKĐK98;ĐK PKĐK99;ĐK PKĐK100;ĐK PKĐK101;ĐK PKĐK102;ĐK PKĐK103;ĐK PKĐK104;ĐK PKĐK105;ĐK PKĐK106;ĐK PKĐK107;ĐK PKĐK108;ĐK PKĐK109;ĐK PKĐK110;ĐK PKĐK111
2DGES,Gastroenteritis,Viêm dạ dày-ruột,ĐK BVTP1;ĐK BVTP2;ĐK BVTP3;ĐK BVTP4;ĐK BVTP5;ĐK BVTP6;ĐK BVTP7;ĐK BVTP8;ĐK BVTP9;ĐK BVTP10;ĐK BVTP11;ĐK BVTP12;ĐK BVTP13;ĐK BVQH1;ĐK BVQH2;ĐK BVQH3;ĐK BVQH4;ĐK BVQH5;ĐK BVQH6;ĐK BVQH7;ĐK BVQH8;ĐK BVQH9;ĐK BVQH10;ĐK BVQH11;ĐK BVQH12;ĐK BVQH13;ĐK BVQH14;ĐK BVQH15;ĐK BVQH16;ĐK BVQH17;ĐK BVQH18;ĐK BVQH19;ĐK BVQH20;ĐK BVQH21;ĐK BVQH22;ĐK BVQH23;ĐK BVTN1;ĐK BVTN2;ĐK BVTN3;ĐK BVTN4;ĐK BVTN5;ĐK BVTN6;ĐK BVTN7;ĐK BVTN8;ĐK BVTN9;ĐK BVTN10;ĐK BVTN11;ĐK BVTN12;ĐK BVTN13;ĐK BVTN14;ĐK BVTN15;ĐK BVTN16;ĐK BVTN17;ĐK BVTN18;ĐK BVTN19;ĐK BVQP1;ĐK PKĐK1;ĐK PKĐK2;ĐK PKĐK3;ĐK PKĐK4;ĐK PKĐK5;ĐK PKĐK6;ĐK PKĐK7;ĐK PKĐK8;ĐK PKĐK9;ĐK PKĐK10;ĐK PKĐK11;ĐK PKĐK12;ĐK PKĐK13;ĐK PKĐK14;ĐK PKĐK15;ĐK PKĐK16;ĐK PKĐK17;ĐK PKĐK18;ĐK PKĐK19;ĐK PKĐK20;ĐK PKĐK21;ĐK PKĐK22;ĐK PKĐK23;ĐK PKĐK24;ĐK PKĐK25;ĐK PKĐK26;ĐK PKĐK27;ĐK PKĐK28;ĐK PKĐK29;ĐK PKĐK30;ĐK PKĐK31;ĐK PKĐK32;ĐK PKĐK33;ĐK PKĐK34;ĐK PKĐK35;ĐK PKĐK36;ĐK PKĐK37;ĐK PKĐK38;ĐK PKĐK39;ĐK PKĐK40;ĐK PKĐK41;ĐK PKĐK42;ĐK PKĐK43;ĐK PKĐK44;ĐK PKĐK45;ĐK PKĐK46;ĐK PKĐK47;ĐK PKĐK48;ĐK PKĐK49;ĐK PKĐK50;ĐK PKĐK51;ĐK PKĐK52;ĐK PKĐK53;ĐK PKĐK54;ĐK PKĐK55;ĐK PKĐK56;ĐK PKĐK57;ĐK PKĐK58;ĐK PKĐK59;ĐK PKĐK60;ĐK PKĐK61;ĐK PKĐK62;ĐK PKĐK63;ĐK PKĐK64;ĐK PKĐK65;ĐK PKĐK66;ĐK PKĐK67;ĐK PKĐK68;ĐK PKĐK69;ĐK PKĐK70;ĐK PKĐK71;ĐK PKĐK72;ĐK PKĐK73;ĐK PKĐK74;ĐK PKĐK75;ĐK PKĐK76;ĐK PKĐK77;ĐK PKĐK78;ĐK PKĐK79;ĐK PKĐK80;ĐK PKĐK81;ĐK PKĐK82;ĐK PKĐK83;ĐK PKĐK84;ĐK PKĐK85;ĐK PKĐK86;ĐK PKĐK87;ĐK PKĐK88;ĐK PKĐK89;ĐK PKĐK90;ĐK PKĐK91;ĐK PKĐK92;ĐK PKĐK93;ĐK PKĐK94;ĐK PKĐK95;ĐK PKĐK96;ĐK PKĐK97;ĐK PKĐK98;ĐK PKĐK99;ĐK PKĐK100;ĐK PKĐK101;ĐK PKĐK102;ĐK PKĐK103;ĐK PKĐK104;ĐK PKĐK105;ĐK PKĐK106;ĐK PKĐK107;ĐK PKĐK108;ĐK PKĐK109;ĐK PKĐK110;ĐK PKĐK111
2DBAA,Bronchial Asthma,Hen phế quản,ĐK BVTP1;ĐK BVTP2;ĐK BVTP3;ĐK BVTP4;ĐK BVTP5;ĐK BVTP6;ĐK BVTP7;ĐK BVTP8;ĐK BVTP9;ĐK BVTP10;ĐK BVTP11;ĐK BVTP12;ĐK BVTP13;ĐK BVQH1;ĐK BVQH2;ĐK BVQH3;ĐK BVQH4;ĐK BVQH5;ĐK BVQH6;ĐK BVQH7;ĐK BVQH8;ĐK BVQH9;ĐK BVQH10;ĐK BVQH11;ĐK BVQH12;ĐK BVQH13;ĐK BVQH14;ĐK BVQH15;ĐK BVQH16;ĐK BVQH17;ĐK BVQH18;ĐK BVQH19;ĐK BVQH20;ĐK BVQH21;ĐK BVQH22;ĐK BVQH23;ĐK BVTN1;ĐK BVTN2;ĐK BVTN3;ĐK BVTN4;ĐK BVTN5;ĐK BVTN6;ĐK BVTN7;ĐK BVTN8;ĐK BVTN9;ĐK BVTN10;ĐK BVTN11;ĐK BVTN12;ĐK BVTN13;ĐK BVTN14;ĐK BVTN15;ĐK BVTN16;ĐK BVTN17;ĐK BVTN18;ĐK BVTN19;ĐK BVQP1;ĐK PKĐK1;ĐK PKĐK2;ĐK PKĐK3;ĐK PKĐK4;ĐK PKĐK5;ĐK PKĐK6;ĐK PKĐK7;ĐK PKĐK8;ĐK PKĐK9;ĐK PKĐK10;ĐK PKĐK11;ĐK PKĐK12;ĐK PKĐK13;ĐK PKĐK14;ĐK PKĐK15;ĐK PKĐK16;ĐK PKĐK17;ĐK PKĐK18;ĐK PKĐK19;ĐK PKĐK20;ĐK PKĐK21;ĐK PKĐK22;ĐK PKĐK23;ĐK PKĐK24;ĐK PKĐK25;ĐK PKĐK26;ĐK PKĐK27;ĐK PKĐK28;ĐK PKĐK29;ĐK PKĐK30;ĐK PKĐK31;ĐK PKĐK32;ĐK PKĐK33;ĐK PKĐK34;ĐK PKĐK35;ĐK PKĐK36;ĐK PKĐK37;ĐK PKĐK38;ĐK PKĐK39;ĐK PKĐK40;ĐK PKĐK41;ĐK PKĐK42;ĐK PKĐK43;ĐK PKĐK44;ĐK PKĐK45;ĐK PKĐK46;ĐK PKĐK47;ĐK PKĐK48;ĐK PKĐK49;ĐK PKĐK50;ĐK PKĐK51;ĐK PKĐK52;ĐK PKĐK53;ĐK PKĐK54;ĐK PKĐK55;ĐK PKĐK56;ĐK PKĐK57;ĐK PKĐK58;ĐK PKĐK59;ĐK PKĐK60;ĐK PKĐK61;ĐK PKĐK62;ĐK PKĐK63;ĐK PKĐK64;ĐK PKĐK65;ĐK PKĐK66;ĐK PKĐK67;ĐK PKĐK68;ĐK PKĐK69;ĐK PKĐK70;ĐK PKĐK71;ĐK PKĐK72;ĐK PKĐK73;ĐK PKĐK74;ĐK PKĐK75;ĐK PKĐK76;ĐK PKĐK77;ĐK PKĐK78;ĐK PKĐK79;ĐK PKĐK80;ĐK PKĐK81;ĐK PKĐK82;ĐK PKĐK83;ĐK PKĐK84;ĐK PKĐK85;ĐK PKĐK86;ĐK PKĐK87;ĐK PKĐK88;ĐK PKĐK89;ĐK PKĐK90;ĐK PKĐK91;ĐK PKĐK92;ĐK PKĐK93;ĐK PKĐK94;ĐK PKĐK95;ĐK PKĐK96;ĐK PKĐK97;ĐK PKĐK98;ĐK PKĐK99;ĐK PKĐK100;ĐK PKĐK101;ĐK PKĐK102;ĐK PKĐK103;ĐK PKĐK104;ĐK PKĐK105;ĐK PKĐK106;ĐK PKĐK107;ĐK PKĐK108;ĐK PKĐK109;ĐK PKĐK110;ĐK PKĐK111
2DHYP,Hypertension,Tăng huyết áp,ĐK BVTP1;ĐK BVTP2;ĐK BVTP3;ĐK BVTP4;ĐK BVTP5;ĐK BVTP6;ĐK BVTP7;ĐK BVTP8;ĐK BVTP9;ĐK BVTP10;ĐK BVTP11;ĐK BVTP12;ĐK BVTP13;ĐK BVQH1;ĐK BVQH2;ĐK BVQH3;ĐK BVQH4;ĐK BVQH5;ĐK BVQH6;ĐK BVQH7;ĐK BVQH8;ĐK BVQH9;ĐK BVQH10;ĐK BVQH11;ĐK BVQH12;ĐK BVQH13;ĐK BVQH14;ĐK BVQH15;ĐK BVQH16;ĐK BVQH17;ĐK BVQH18;ĐK BVQH19;ĐK BVQH20;ĐK BVQH21;ĐK BVQH22;ĐK BVQH23;ĐK BVTN1;ĐK BVTN2;ĐK BVTN3;ĐK BVTN4;ĐK BVTN5;ĐK BVTN6;ĐK BVTN7;ĐK BVTN8;ĐK BVTN9;ĐK BVTN10;ĐK BVTN11;ĐK BVTN12;ĐK BVTN13;ĐK BVTN14;ĐK BVTN15;ĐK BVTN16;ĐK BVTN17;ĐK BVTN18;ĐK BVTN19;ĐK BVQP1;ĐK PKĐK1;ĐK PKĐK2;ĐK PKĐK3;ĐK PKĐK4;ĐK PKĐK5;ĐK PKĐK6;ĐK PKĐK7;ĐK PKĐK8;ĐK PKĐK9;ĐK PKĐK10;ĐK PKĐK11;ĐK PKĐK12;ĐK PKĐK13;ĐK PKĐK14;ĐK PKĐK15;ĐK PKĐK16;ĐK PKĐK17;ĐK PKĐK18;ĐK PKĐK19;ĐK PKĐK20;ĐK PKĐK21;ĐK PKĐK22;ĐK PKĐK23;ĐK PKĐK24;ĐK PKĐK25;ĐK PKĐK26;ĐK PKĐK27;ĐK PKĐK28;ĐK PKĐK29;ĐK PKĐK30;ĐK PKĐK31;ĐK PKĐK32;ĐK PKĐK33;ĐK PKĐK34;ĐK PKĐK35;ĐK PKĐK36;ĐK PKĐK37;ĐK PKĐK38;ĐK PKĐK39;ĐK PKĐK40;ĐK PKĐK41;ĐK PKĐK42;ĐK PKĐK43;ĐK PKĐK44;ĐK PKĐK45;ĐK PKĐK46;ĐK PKĐK47;ĐK PKĐK48;ĐK PKĐK49;ĐK PKĐK50;ĐK PKĐK51;ĐK PKĐK52;ĐK PKĐK53;ĐK PKĐK54;ĐK PKĐK55;ĐK PKĐK56;ĐK PKĐK57;ĐK PKĐK58;ĐK PKĐK59;ĐK PKĐK60;ĐK PKĐK61;ĐK PKĐK62;ĐK PKĐK63;ĐK PKĐK64;ĐK PKĐK65;ĐK PKĐK66;ĐK PKĐK67;ĐK PKĐK68;ĐK PKĐK69;ĐK PKĐK70;ĐK PKĐK71;ĐK PKĐK72;ĐK PKĐK73;ĐK PKĐK74;ĐK PKĐK75;ĐK PKĐK76;ĐK PKĐK77;ĐK PKĐK78;ĐK PKĐK79;ĐK PKĐK80;ĐK PKĐK81;ĐK PKĐK82;ĐK PKĐK83;ĐK PKĐK84;ĐK PKĐK85;ĐK PKĐK86;ĐK PKĐK87;ĐK PKĐK88;ĐK PKĐK89;ĐK PKĐK90;ĐK PKĐK91;ĐK PKĐK92;ĐK PKĐK93;ĐK PKĐK94;ĐK PKĐK95;ĐK PKĐK96;ĐK PKĐK97;ĐK PKĐK98;ĐK PKĐK99;ĐK PKĐK100;ĐK PKĐK101;ĐK PKĐK102;ĐK PKĐK103;ĐK PKĐK104;ĐK PKĐK105;ĐK PKĐK106;ĐK PKĐK107;ĐK PKĐK108;ĐK PKĐK109;ĐK PKĐK110;ĐK PKĐK111
2DMIG,Migraine,Đau nửa đầu (Mirgraine),ĐK BVTP1;ĐK BVTP2;ĐK BVTP3;ĐK BVTP4;ĐK BVTP5;ĐK BVTP6;ĐK BVTP7;ĐK BVTP8;ĐK BVTP9;ĐK BVTP10;ĐK BVTP11;ĐK BVTP12;ĐK BVTP13;ĐK BVQH1;ĐK BVQH2;ĐK BVQH3;ĐK BVQH4;ĐK BVQH5;ĐK BVQH6;ĐK BVQH7;ĐK BVQH8;ĐK BVQH9;ĐK BVQH10;ĐK BVQH11;ĐK BVQH12;ĐK BVQH13;ĐK BVQH14;ĐK BVQH15;ĐK BVQH16;ĐK BVQH17;ĐK BVQH18;ĐK BVQH19;ĐK BVQH20;ĐK BVQH21;ĐK BVQH22;ĐK BVQH23;ĐK BVTN1;ĐK BVTN2;ĐK BVTN3;ĐK BVTN4;ĐK BVTN5;ĐK BVTN6;ĐK BVTN7;ĐK BVTN8;ĐK BVTN9;ĐK BVTN10;ĐK BVTN11;ĐK BVTN12;ĐK BVTN13;ĐK BVTN14;ĐK BVTN15;ĐK BVTN16;ĐK BVTN17;ĐK BVTN18;ĐK BVTN19;ĐK BVQP1;ĐK PKĐK1;ĐK PKĐK2;ĐK PKĐK3;ĐK PKĐK4;ĐK PKĐK5;ĐK PKĐK6;ĐK PKĐK7;ĐK PKĐK8;ĐK PKĐK9;ĐK PKĐK10;ĐK PKĐK11;ĐK PKĐK12;ĐK PKĐK13;ĐK PKĐK14;ĐK PKĐK15;ĐK PKĐK16;ĐK PKĐK17;ĐK PKĐK18;ĐK PKĐK19;ĐK PKĐK20;ĐK PKĐK21;ĐK PKĐK22;ĐK PKĐK23;ĐK PKĐK24;ĐK PKĐK25;ĐK PKĐK26;ĐK PKĐK27;ĐK PKĐK28;ĐK PKĐK29;ĐK PKĐK30;ĐK PKĐK31;ĐK PKĐK32;ĐK PKĐK33;ĐK PKĐK34;ĐK PKĐK35;ĐK PKĐK36;ĐK PKĐK37;ĐK PKĐK38;ĐK PKĐK39;ĐK PKĐK40;ĐK PKĐK41;ĐK PKĐK42;ĐK PKĐK43;ĐK PKĐK44;ĐK PKĐK45;ĐK PKĐK46;ĐK PKĐK47;ĐK PKĐK48;ĐK PKĐK49;ĐK PKĐK50;ĐK PKĐK51;ĐK PKĐK52;ĐK PKĐK53;ĐK PKĐK54;ĐK PKĐK55;ĐK PKĐK56;ĐK PKĐK57;ĐK PKĐK58;ĐK PKĐK59;ĐK PKĐK60;ĐK PKĐK61;ĐK PKĐK62;ĐK PKĐK63;ĐK PKĐK64;ĐK PKĐK65;ĐK PKĐK66;ĐK PKĐK67;ĐK PKĐK68;ĐK PKĐK69;ĐK PKĐK70;ĐK PKĐK71;ĐK PKĐK72;ĐK PKĐK73;ĐK PKĐK74;ĐK PKĐK75;ĐK PKĐK76;ĐK PKĐK77;ĐK PKĐK78;ĐK PKĐK79;ĐK PKĐK80;ĐK PKĐK81;ĐK PKĐK82;ĐK PKĐK83;ĐK PKĐK84;ĐK PKĐK85;ĐK PKĐK86;ĐK PKĐK87;ĐK PKĐK88;ĐK PKĐK89;ĐK PKĐK90;ĐK PKĐK91;ĐK PKĐK92;ĐK PKĐK93;ĐK PKĐK94;ĐK PKĐK95;ĐK PKĐK96;ĐK PKĐK97;ĐK PKĐK98;ĐK PKĐK99;ĐK PKĐK100;ĐK PKĐK101;ĐK PKĐK102;ĐK PKĐK103;ĐK PKĐK104;ĐK PKĐK105;ĐK PKĐK106;ĐK PKĐK107;ĐK PKĐK108;ĐK PKĐK109;ĐK PKĐK110;ĐK PKĐK111
2DCSP,Cervical spondylosis,Thoái hóa cột sống cổ,ĐK BVTP1;ĐK BVTP2;ĐK BVTP3;ĐK BVTP4;ĐK BVTP5;ĐK BVTP6;ĐK BVTP7;ĐK BVTP8;ĐK BVTP9;ĐK BVTP10;ĐK BVTP11;ĐK BVTP12;ĐK BVTP13;ĐK BVQH1;ĐK BVQH2;ĐK BVQH3;ĐK BVQH4;ĐK BVQH5;ĐK BVQH6;ĐK BVQH7;ĐK BVQH8;ĐK BVQH9;ĐK BVQH10;ĐK BVQH11;ĐK BVQH12;ĐK BVQH13;ĐK BVQH14;ĐK BVQH15;ĐK BVQH16;ĐK BVQH17;ĐK BVQH18;ĐK BVQH19;ĐK BVQH20;ĐK BVQH21;ĐK BVQH22;ĐK BVQH23;ĐK BVTN1;ĐK BVTN2;ĐK BVTN3;ĐK BVTN4;ĐK BVTN5;ĐK BVTN6;ĐK BVTN7;ĐK BVTN8;ĐK BVTN9;ĐK BVTN10;ĐK BVTN11;ĐK BVTN12;ĐK BVTN13;ĐK BVTN14;ĐK BVTN15;ĐK BVTN16;ĐK BVTN17;ĐK BVTN18;ĐK BVTN19;ĐK BVQP1;ĐK PKĐK1;ĐK PKĐK2;ĐK PKĐK3;ĐK PKĐK4;ĐK PKĐK5;ĐK PKĐK6;ĐK PKĐK7;ĐK PKĐK8;ĐK PKĐK9;ĐK PKĐK10;ĐK PKĐK11;ĐK PKĐK12;ĐK PKĐK13;ĐK PKĐK14;ĐK PKĐK15;ĐK PKĐK16;ĐK PKĐK17;ĐK PKĐK18;ĐK PKĐK19;ĐK PKĐK20;ĐK PKĐK21;ĐK PKĐK22;ĐK PKĐK23;ĐK PKĐK24;ĐK PKĐK25;ĐK PKĐK26;ĐK PKĐK27;ĐK PKĐK28;ĐK PKĐK29;ĐK PKĐK30;ĐK PKĐK31;ĐK PKĐK32;ĐK PKĐK33;ĐK PKĐK34;ĐK PKĐK35;ĐK PKĐK36;ĐK PKĐK37;ĐK PKĐK38;ĐK PKĐK39;ĐK PKĐK40;ĐK PKĐK41;ĐK PKĐK42;ĐK PKĐK43;ĐK PKĐK44;ĐK PKĐK45;ĐK PKĐK46;ĐK PKĐK47;ĐK PKĐK48;ĐK PKĐK49;ĐK PKĐK50;ĐK PKĐK51;ĐK PKĐK52;ĐK PKĐK53;ĐK PKĐK54;ĐK PKĐK55;ĐK PKĐK56;ĐK PKĐK57;ĐK PKĐK58;ĐK PKĐK59;ĐK PKĐK60;ĐK PKĐK61;ĐK PKĐK62;ĐK PKĐK63;ĐK PKĐK64;ĐK PKĐK65;ĐK PKĐK66;ĐK PKĐK67;ĐK PKĐK68;ĐK PKĐK69;ĐK PKĐK70;ĐK PKĐK71;ĐK PKĐK72;ĐK PKĐK73;ĐK PKĐK74;ĐK PKĐK75;ĐK PKĐK76;ĐK PKĐK77;ĐK PKĐK78;ĐK PKĐK79;ĐK PKĐK80;ĐK PKĐK81;ĐK PKĐK82;ĐK PKĐK83;ĐK PKĐK84;ĐK PKĐK85;ĐK PKĐK86;ĐK PKĐK87;ĐK PKĐK88;ĐK PKĐK89;ĐK PKĐK90;ĐK PKĐK91;ĐK PKĐK92;ĐK PKĐK93;ĐK PKĐK94;ĐK PKĐK95;ĐK PKĐK96;ĐK PKĐK97;ĐK PKĐK98;ĐK PKĐK99;ĐK PKĐK100;ĐK PKĐK101;ĐK PKĐK102;ĐK PKĐK103;ĐK PKĐK104;ĐK PKĐK105;ĐK PKĐK106;ĐK PKĐK107;ĐK PKĐK108;ĐK PKĐK109;ĐK PKĐK110;ĐK PKĐK111
2DPBH,Paralysis (brain hemorrhage),Liệt (do xuất huyết não),ĐK BVTP1;ĐK BVTP2;ĐK BVTP3;ĐK BVTP4;ĐK BVTP5;ĐK BVTP6;ĐK BVTP7;ĐK BVTP8;ĐK BVTP9;ĐK BVTP10;ĐK BVTP11;ĐK BVTP12;ĐK BVTP13;ĐK BVQH1;ĐK BVQH2;ĐK BVQH3;ĐK BVQH4;ĐK BVQH5;ĐK BVQH6;ĐK BVQH7;ĐK BVQH8;ĐK BVQH9;ĐK BVQH10;ĐK BVQH11;ĐK BVQH12;ĐK BVQH13;ĐK BVQH14;ĐK BVQH15;ĐK BVQH16;ĐK BVQH17;ĐK BVQH18;ĐK BVQH19;ĐK BVQH20;ĐK BVQH21;ĐK BVQH22;ĐK BVQH23;ĐK BVTN1;ĐK BVTN2;ĐK BVTN3;ĐK BVTN4;ĐK BVTN5;ĐK BVTN6;ĐK BVTN7;ĐK BVTN8;ĐK BVTN9;ĐK BVTN10;ĐK BVTN11;ĐK BVTN12;ĐK BVTN13;ĐK BVTN14;ĐK BVTN15;ĐK BVTN16;ĐK BVTN17;ĐK BVTN18;ĐK BVTN19;ĐK BVQP1;ĐK PKĐK1;ĐK PKĐK2;ĐK PKĐK3;ĐK PKĐK4;ĐK PKĐK5;ĐK PKĐK6;ĐK PKĐK7;ĐK PKĐK8;ĐK PKĐK9;ĐK PKĐK10;ĐK PKĐK11;ĐK PKĐK12;ĐK PKĐK13;ĐK PKĐK14;ĐK PKĐK15;ĐK PKĐK16;ĐK PKĐK17;ĐK PKĐK18;ĐK PKĐK19;ĐK PKĐK20;ĐK PKĐK21;ĐK PKĐK22;ĐK PKĐK23;ĐK PKĐK24;ĐK PKĐK25;ĐK PKĐK26;ĐK PKĐK27;ĐK PKĐK28;ĐK PKĐK29;ĐK PKĐK30;ĐK PKĐK31;ĐK PKĐK32;ĐK PKĐK33;ĐK PKĐK34;ĐK PKĐK35;ĐK PKĐK36;ĐK PKĐK37;ĐK PKĐK38;ĐK PKĐK39;ĐK PKĐK40;ĐK PKĐK41;ĐK PKĐK42;ĐK PKĐK43;ĐK PKĐK44;ĐK PKĐK45;ĐK PKĐK46;ĐK PKĐK47;ĐK PKĐK48;ĐK PKĐK49;ĐK PKĐK50;ĐK PKĐK51;ĐK PKĐK52;ĐK PKĐK53;ĐK PKĐK54;ĐK PKĐK55;ĐK PKĐK56;ĐK PKĐK57;ĐK PKĐK58;ĐK PKĐK59;ĐK PKĐK60;ĐK PKĐK61;ĐK PKĐK62;ĐK PKĐK63;ĐK PKĐK64;ĐK PKĐK65;ĐK PKĐK66;ĐK PKĐK67;ĐK PKĐK68;ĐK PKĐK69;ĐK PKĐK70;ĐK PKĐK71;ĐK PKĐK72;ĐK PKĐK73;ĐK PKĐK74;ĐK PKĐK75;ĐK PKĐK76;ĐK PKĐK77;ĐK PKĐK78;ĐK PKĐK79;ĐK PKĐK80;ĐK PKĐK81;ĐK PKĐK82;ĐK PKĐK83;ĐK PKĐK84;ĐK PKĐK85;ĐK PKĐK86;ĐK PKĐK87;ĐK PKĐK88;ĐK PKĐK89;ĐK PKĐK90;ĐK PKĐK91;ĐK PKĐK92;ĐK PKĐK93;ĐK PKĐK94;ĐK PKĐK95;ĐK PKĐK96;ĐK PKĐK97;ĐK PKĐK98;ĐK PKĐK99;ĐK PKĐK100;ĐK PKĐK101;ĐK PKĐK102;ĐK PKĐK103;ĐK PKĐK104;ĐK PKĐK105;ĐK PKĐK106;ĐK PKĐK107;ĐK PKĐK108;ĐK PKĐK109;ĐK PKĐK110;ĐK PKĐK111
3DJAU,Jaundice,Vàng da,ĐK BVTP1;ĐK BVTP2;ĐK BVTP3;ĐK BVTP4;ĐK BVTP5;ĐK BVTP6;ĐK BVTP7;ĐK BVTP8;ĐK BVTP9;ĐK BVTP10;ĐK BVTP11;ĐK BVTP12;ĐK BVTP13;ĐK BVQH1;ĐK BVQH2;ĐK BVQH3;ĐK BVQH4;ĐK BVQH5;ĐK BVQH6;ĐK BVQH7;ĐK BVQH8;ĐK BVQH9;ĐK BVQH10;ĐK BVQH11;ĐK BVQH12;ĐK BVQH13;ĐK BVQH14;ĐK BVQH15;ĐK BVQH16;ĐK BVQH17;ĐK BVQH18;ĐK BVQH19;ĐK BVQH20;ĐK BVQH21;ĐK BVQH22;ĐK BVQH23;ĐK BVTN1;ĐK BVTN2;ĐK BVTN3;ĐK BVTN4;ĐK BVTN5;ĐK BVTN6;ĐK BVTN7;ĐK BVTN8;ĐK BVTN9;ĐK BVTN10;ĐK BVTN11;ĐK BVTN12;ĐK BVTN13;ĐK BVTN14;ĐK BVTN15;ĐK BVTN16;ĐK BVTN17;ĐK BVTN18;ĐK BVTN19;ĐK BVQP1;ĐK PKĐK1;ĐK PKĐK2;ĐK PKĐK3;ĐK PKĐK4;ĐK PKĐK5;ĐK PKĐK6;ĐK PKĐK7;ĐK PKĐK8;ĐK PKĐK9;ĐK PKĐK10;ĐK PKĐK11;ĐK PKĐK12;ĐK PKĐK13;ĐK PKĐK14;ĐK PKĐK15;ĐK PKĐK16;ĐK PKĐK17;ĐK PKĐK18;ĐK PKĐK19;ĐK PKĐK20;ĐK PKĐK21;ĐK PKĐK22;ĐK PKĐK23;ĐK PKĐK24;ĐK PKĐK25;ĐK PKĐK26;ĐK PKĐK27;ĐK PKĐK28;ĐK PKĐK29;ĐK PKĐK30;ĐK PKĐK31;ĐK PKĐK32;ĐK PKĐK33;ĐK PKĐK34;ĐK PKĐK35;ĐK PKĐK36;ĐK PKĐK37;ĐK PKĐK38;ĐK PKĐK39;ĐK PKĐK40;ĐK PKĐK41;ĐK PKĐK42;ĐK PKĐK43;ĐK PKĐK44;ĐK PKĐK45;ĐK PKĐK46;ĐK PKĐK47;ĐK PKĐK48;ĐK PKĐK49;ĐK PKĐK50;ĐK PKĐK51;ĐK PKĐK52;ĐK PKĐK53;ĐK PKĐK54;ĐK PKĐK55;ĐK PKĐK56;ĐK PKĐK57;ĐK PKĐK58;ĐK PKĐK59;ĐK PKĐK60;ĐK PKĐK61;ĐK PKĐK62;ĐK PKĐK63;ĐK PKĐK64;ĐK PKĐK65;ĐK PKĐK66;ĐK PKĐK67;ĐK PKĐK68;ĐK PKĐK69;ĐK PKĐK70;ĐK PKĐK71;ĐK PKĐK72;ĐK PKĐK73;ĐK PKĐK74;ĐK PKĐK75;ĐK PKĐK76;ĐK PKĐK77;ĐK PKĐK78;ĐK PKĐK79;ĐK PKĐK80;ĐK PKĐK81;ĐK PKĐK82;ĐK PKĐK83;ĐK PKĐK84;ĐK PKĐK85;ĐK PKĐK86;ĐK PKĐK87;ĐK PKĐK88;ĐK PKĐK89;ĐK PKĐK90;ĐK PKĐK91;ĐK PKĐK92;ĐK PKĐK93;ĐK PKĐK94;ĐK PKĐK95;ĐK PKĐK96;ĐK PKĐK97;ĐK PKĐK98;ĐK PKĐK99;ĐK PKĐK100;ĐK PKĐK101;ĐK PKĐK102;ĐK PKĐK103;ĐK PKĐK104;ĐK PKĐK105;ĐK PKĐK106;ĐK PKĐK107;ĐK PKĐK108;ĐK PKĐK109;ĐK PKĐK110;ĐK PKĐK111
1DMAL,Malaria,Sốt rét,ĐK BVTP1;ĐK BVTP2;ĐK BVTP3;ĐK BVTP4;ĐK BVTP5;ĐK BVTP6;ĐK BVTP7;ĐK BVTP8;ĐK BVTP9;ĐK BVTP10;ĐK BVTP11;ĐK BVTP12;ĐK BVTP13;ĐK BVQH1;ĐK BVQH2;ĐK BVQH3;ĐK BVQH4;ĐK BVQH5;ĐK BVQH6;ĐK BVQH7;ĐK BVQH8;ĐK BVQH9;ĐK BVQH10;ĐK BVQH11;ĐK BVQH12;ĐK BVQH13;ĐK BVQH14;ĐK BVQH15;ĐK BVQH16;ĐK BVQH17;ĐK BVQH18;ĐK BVQH19;ĐK BVQH20;ĐK BVQH21;ĐK BVQH22;ĐK BVQH23;ĐK BVTN1;ĐK BVTN2;ĐK BVTN3;ĐK BVTN4;ĐK BVTN5;ĐK BVTN6;ĐK BVTN7;ĐK BVTN8;ĐK BVTN9;ĐK BVTN10;ĐK BVTN11;ĐK BVTN12;ĐK BVTN13;ĐK BVTN14;ĐK BVTN15;ĐK BVTN16;ĐK BVTN17;ĐK BVTN18;ĐK BVTN19;ĐK BVQP1;ĐK PKĐK1;ĐK PKĐK2;ĐK PKĐK3;ĐK PKĐK4;ĐK PKĐK5;ĐK PKĐK6;ĐK PKĐK7;ĐK PKĐK8;ĐK PKĐK9;ĐK PKĐK10;ĐK PKĐK11;ĐK PKĐK12;ĐK PKĐK13;ĐK PKĐK14;ĐK PKĐK15;ĐK PKĐK16;ĐK PKĐK17;ĐK PKĐK18;ĐK PKĐK19;ĐK PKĐK20;ĐK PKĐK21;ĐK PKĐK22;ĐK PKĐK23;ĐK PKĐK24;ĐK PKĐK25;ĐK PKĐK26;ĐK PKĐK27;ĐK PKĐK28;ĐK PKĐK29;ĐK PKĐK30;ĐK PKĐK31;ĐK PKĐK32;ĐK PKĐK33;ĐK PKĐK34;ĐK PKĐK35;ĐK PKĐK36;ĐK PKĐK37;ĐK PKĐK38;ĐK PKĐK39;ĐK PKĐK40;ĐK PKĐK41;ĐK PKĐK42;ĐK PKĐK43;ĐK PKĐK44;ĐK PKĐK45;ĐK PKĐK46;ĐK PKĐK47;ĐK PKĐK48;ĐK PKĐK49;ĐK PKĐK50;ĐK PKĐK51;ĐK PKĐK52;ĐK PKĐK53;ĐK PKĐK54;ĐK PKĐK55;ĐK PKĐK56;ĐK PKĐK57;ĐK PKĐK58;ĐK PKĐK59;ĐK PKĐK60;ĐK PKĐK61;ĐK PKĐK62;ĐK PKĐK63;ĐK PKĐK64;ĐK PKĐK65;ĐK PKĐK66;ĐK PKĐK67;ĐK PKĐK68;ĐK PKĐK69;ĐK PKĐK70;ĐK PKĐK71;ĐK PKĐK72;ĐK PKĐK73;ĐK PKĐK74;ĐK PKĐK75;ĐK PKĐK76;ĐK PKĐK77;ĐK PKĐK78;ĐK PKĐK79;ĐK PKĐK80;ĐK PKĐK81;ĐK PKĐK82;ĐK PKĐK83;ĐK PKĐK84;ĐK PKĐK85;ĐK PKĐK86;ĐK PKĐK87;ĐK PKĐK88;ĐK PKĐK89;ĐK PKĐK90;ĐK PKĐK91;ĐK PKĐK92;ĐK PKĐK93;ĐK PKĐK94;ĐK PKĐK95;ĐK PKĐK96;ĐK PKĐK97;ĐK PKĐK98;ĐK PKĐK99;ĐK PKĐK100;ĐK PKĐK101;ĐK PKĐK102;ĐK PKĐK103;ĐK PKĐK104;ĐK PKĐK105;ĐK PKĐK106;ĐK PKĐK107;ĐK PKĐK108;ĐK PKĐK109;ĐK PKĐK110;ĐK PKĐK111
1DCHP,Chicken pox,Thủy đậu,ĐK BVTP1;ĐK BVTP2;ĐK BVTP3;ĐK BVTP4;ĐK BVTP5;ĐK BVTP6;ĐK BVTP7;ĐK BVTP8;ĐK BVTP9;ĐK BVTP10;ĐK BVTP11;ĐK BVTP12;ĐK BVTP13;ĐK BVQH1;ĐK BVQH2;ĐK BVQH3;ĐK BVQH4;ĐK BVQH5;ĐK BVQH6;ĐK BVQH7;ĐK BVQH8;ĐK BVQH9;ĐK BVQH10;ĐK BVQH11;ĐK BVQH12;ĐK BVQH13;ĐK BVQH14;ĐK BVQH15;ĐK BVQH16;ĐK BVQH17;ĐK BVQH18;ĐK BVQH19;ĐK BVQH20;ĐK BVQH21;ĐK BVQH22;ĐK BVQH23;ĐK BVTN1;ĐK BVTN2;ĐK BVTN3;ĐK BVTN4;ĐK BVTN5;ĐK BVTN6;ĐK BVTN7;ĐK BVTN8;ĐK BVTN9;ĐK BVTN10;ĐK BVTN11;ĐK BVTN12;ĐK BVTN13;ĐK BVTN14;ĐK BVTN15;ĐK BVTN16;ĐK BVTN17;ĐK BVTN18;ĐK BVTN19;ĐK BVQP1;ĐK PKĐK1;ĐK PKĐK2;ĐK PKĐK3;ĐK PKĐK4;ĐK PKĐK5;ĐK PKĐK6;ĐK PKĐK7;ĐK PKĐK8;ĐK PKĐK9;ĐK PKĐK10;ĐK PKĐK11;ĐK PKĐK12;ĐK PKĐK13;ĐK PKĐK14;ĐK PKĐK15;ĐK PKĐK16;ĐK PKĐK17;ĐK PKĐK18;ĐK PKĐK19;ĐK PKĐK20;ĐK PKĐK21;ĐK PKĐK22;ĐK PKĐK23;ĐK PKĐK24;ĐK PKĐK25;ĐK PKĐK26;ĐK PKĐK27;ĐK PKĐK28;ĐK PKĐK29;ĐK PKĐK30;ĐK PKĐK31;ĐK PKĐK32;ĐK PKĐK33;ĐK PKĐK34;ĐK PKĐK35;ĐK PKĐK36;ĐK PKĐK37;ĐK PKĐK38;ĐK PKĐK39;ĐK PKĐK40;ĐK PKĐK41;ĐK PKĐK42;ĐK PKĐK43;ĐK PKĐK44;ĐK PKĐK45;ĐK PKĐK46;ĐK PKĐK47;ĐK PKĐK48;ĐK PKĐK49;ĐK PKĐK50;ĐK PKĐK51;ĐK PKĐK52;ĐK PKĐK53;ĐK PKĐK54;ĐK PKĐK55;ĐK PKĐK56;ĐK PKĐK57;ĐK PKĐK58;ĐK PKĐK59;ĐK PKĐK60;ĐK PKĐK61;ĐK PKĐK62;ĐK PKĐK63;ĐK PKĐK64;ĐK PKĐK65;ĐK PKĐK66;ĐK PKĐK67;ĐK PKĐK68;ĐK PKĐK69;ĐK PKĐK70;ĐK PKĐK71;ĐK PKĐK72;ĐK PKĐK73;ĐK PKĐK74;ĐK PKĐK75;ĐK PKĐK76;ĐK PKĐK77;ĐK PKĐK78;ĐK PKĐK79;ĐK PKĐK80;ĐK PKĐK81;ĐK PKĐK82;ĐK PKĐK83;ĐK PKĐK84;ĐK PKĐK85;ĐK PKĐK86;ĐK PKĐK87;ĐK PKĐK88;ĐK PKĐK89;ĐK PKĐK90;ĐK PKĐK91;ĐK PKĐK92;ĐK PKĐK93;ĐK PKĐK94;ĐK PKĐK95;ĐK PKĐK96;ĐK PKĐK97;ĐK PKĐK98;ĐK PKĐK99;ĐK PKĐK100;ĐK PKĐK101;ĐK PKĐK102;ĐK PKĐK103;ĐK PKĐK104;ĐK PKĐK105;ĐK PKĐK106;ĐK PKĐK107;ĐK PKĐK108;ĐK PKĐK109;ĐK PKĐK110;ĐK PKĐK111
1DDEN,Dengue,Sốt xuất huyết,ĐK BVTP1;ĐK BVTP2;ĐK BVTP3;ĐK BVTP4;ĐK BVTP5;ĐK BVTP6;ĐK BVTP7;ĐK BVTP8;ĐK BVTP9;ĐK BVTP10;ĐK BVTP11;ĐK BVTP12;ĐK BVTP13;ĐK BVQH1;ĐK BVQH2;ĐK BVQH3;ĐK BVQH4;ĐK BVQH5;ĐK BVQH6;ĐK BVQH7;ĐK BVQH8;ĐK BVQH9;ĐK BVQH10;ĐK BVQH11;ĐK BVQH12;ĐK BVQH13;ĐK BVQH14;ĐK BVQH15;ĐK BVQH16;ĐK BVQH17;ĐK BVQH18;ĐK BVQH19;ĐK BVQH20;ĐK BVQH21;ĐK BVQH22;ĐK BVQH23;ĐK BVTN1;ĐK BVTN2;ĐK BVTN3;ĐK BVTN4;ĐK BVTN5;ĐK BVTN6;ĐK BVTN7;ĐK BVTN8;ĐK BVTN9;ĐK BVTN10;ĐK BVTN11;ĐK BVTN12;ĐK BVTN13;ĐK BVTN14;ĐK BVTN15;ĐK BVTN16;ĐK BVTN17;ĐK BVTN18;ĐK BVTN19;ĐK BVQP1;ĐK PKĐK1;ĐK PKĐK2;ĐK PKĐK3;ĐK PKĐK4;ĐK PKĐK5;ĐK PKĐK6;ĐK PKĐK7;ĐK PKĐK8;ĐK PKĐK9;ĐK PKĐK10;ĐK PKĐK11;ĐK PKĐK12;ĐK PKĐK13;ĐK PKĐK14;ĐK PKĐK15;ĐK PKĐK16;ĐK PKĐK17;ĐK PKĐK18;ĐK PKĐK19;ĐK PKĐK20;ĐK PKĐK21;ĐK PKĐK22;ĐK PKĐK23;ĐK PKĐK24;ĐK PKĐK25;ĐK PKĐK26;ĐK PKĐK27;ĐK PKĐK28;ĐK PKĐK29;ĐK PKĐK30;ĐK PKĐK31;ĐK PKĐK32;ĐK PKĐK33;ĐK PKĐK34;ĐK PKĐK35;ĐK PKĐK36;ĐK PKĐK37;ĐK PKĐK38;ĐK PKĐK39;ĐK PKĐK40;ĐK PKĐK41;ĐK PKĐK42;ĐK PKĐK43;ĐK PKĐK44;ĐK PKĐK45;ĐK PKĐK46;ĐK PKĐK47;ĐK PKĐK48;ĐK PKĐK49;ĐK PKĐK50;ĐK PKĐK51;ĐK PKĐK52;ĐK PKĐK53;ĐK PKĐK54;ĐK PKĐK55;ĐK PKĐK56;ĐK PKĐK57;ĐK PKĐK58;ĐK PKĐK59;ĐK PKĐK60;ĐK PKĐK61;ĐK PKĐK62;ĐK PKĐK63;ĐK PKĐK64;ĐK PKĐK65;ĐK PKĐK66;ĐK PKĐK67;ĐK PKĐK68;ĐK PKĐK69;ĐK PKĐK70;ĐK PKĐK71;ĐK PKĐK72;ĐK PKĐK73;ĐK PKĐK74;ĐK PKĐK75;ĐK PKĐK76;ĐK PKĐK77;ĐK PKĐK78;ĐK PKĐK79;ĐK PKĐK80;ĐK PKĐK81;ĐK PKĐK82;ĐK PKĐK83;ĐK PKĐK84;ĐK PKĐK85;ĐK PKĐK86;ĐK PKĐK87;ĐK PKĐK88;ĐK PKĐK89;ĐK PKĐK90;ĐK PKĐK91;ĐK PKĐK92;ĐK PKĐK93;ĐK PKĐK94;ĐK PKĐK95;ĐK PKĐK96;ĐK PKĐK97;ĐK PKĐK98;ĐK PKĐK99;ĐK PKĐK100;ĐK PKĐK101;ĐK PKĐK102;ĐK PKĐK103;ĐK PKĐK104;ĐK PKĐK105;ĐK PKĐK106;ĐK PKĐK107;ĐK PKĐK108;ĐK PKĐK109;ĐK PKĐK110;ĐK PKĐK111
1DTPH,Typhoid,Thương hàn,ĐK BVTP1;ĐK BVTP2;ĐK BVTP3;ĐK BVTP4;ĐK BVTP5;ĐK BVTP6;ĐK BVTP7;ĐK BVTP8;ĐK BVTP9;ĐK BVTP10;ĐK BVTP11;ĐK BVTP12;ĐK BVTP13;ĐK BVQH1;ĐK BVQH2;ĐK BVQH3;ĐK BVQH4;ĐK BVQH5;ĐK BVQH6;ĐK BVQH7;ĐK BVQH8;ĐK BVQH9;ĐK BVQH10;ĐK BVQH11;ĐK BVQH12;ĐK BVQH13;ĐK BVQH14;ĐK BVQH15;ĐK BVQH16;ĐK BVQH17;ĐK BVQH18;ĐK BVQH19;ĐK BVQH20;ĐK BVQH21;ĐK BVQH22;ĐK BVQH23;ĐK BVTN1;ĐK BVTN2;ĐK BVTN3;ĐK BVTN4;ĐK BVTN5;ĐK BVTN6;ĐK BVTN7;ĐK BVTN8;ĐK BVTN9;ĐK BVTN10;ĐK BVTN11;ĐK BVTN12;ĐK BVTN13;ĐK BVTN14;ĐK BVTN15;ĐK BVTN16;ĐK BVTN17;ĐK BVTN18;ĐK BVTN19;ĐK BVQP1;ĐK PKĐK1;ĐK PKĐK2;ĐK PKĐK3;ĐK PKĐK4;ĐK PKĐK5;ĐK PKĐK6;ĐK PKĐK7;ĐK PKĐK8;ĐK PKĐK9;ĐK PKĐK10;ĐK PKĐK11;ĐK PKĐK12;ĐK PKĐK13;ĐK PKĐK14;ĐK PKĐK15;ĐK PKĐK16;ĐK PKĐK17;ĐK PKĐK18;ĐK PKĐK19;ĐK PKĐK20;ĐK PKĐK21;ĐK PKĐK22;ĐK PKĐK23;ĐK PKĐK24;ĐK PKĐK25;ĐK PKĐK26;ĐK PKĐK27;ĐK PKĐK28;ĐK PKĐK29;ĐK PKĐK30;ĐK PKĐK31;ĐK PKĐK32;ĐK PKĐK33;ĐK PKĐK34;ĐK PKĐK35;ĐK PKĐK36;ĐK PKĐK37;ĐK PKĐK38;ĐK PKĐK39;ĐK PKĐK40;ĐK PKĐK41;ĐK PKĐK42;ĐK PKĐK43;ĐK PKĐK44;ĐK PKĐK45;ĐK PKĐK46;ĐK PKĐK47;ĐK PKĐK48;ĐK PKĐK49;ĐK PKĐK50;ĐK PKĐK51;ĐK PKĐK52;ĐK PKĐK53;ĐK PKĐK54;ĐK PKĐK55;ĐK PKĐK56;ĐK PKĐK57;ĐK PKĐK58;ĐK PKĐK59;ĐK PKĐK60;ĐK PKĐK61;ĐK PKĐK62;ĐK PKĐK63;ĐK PKĐK64;ĐK PKĐK65;ĐK PKĐK66;ĐK PKĐK67;ĐK PKĐK68;ĐK PKĐK69;ĐK PKĐK70;ĐK PKĐK71;ĐK PKĐK72;ĐK PKĐK73;ĐK PKĐK74;ĐK PKĐK75;ĐK PKĐK76;ĐK PKĐK77;ĐK PKĐK78;ĐK PKĐK79;ĐK PKĐK80;ĐK PKĐK81;ĐK PKĐK82;ĐK PKĐK83;ĐK PKĐK84;ĐK PKĐK85;ĐK PKĐK86;ĐK PKĐK87;ĐK PKĐK88;ĐK PKĐK89;ĐK PKĐK90;ĐK PKĐK91;ĐK PKĐK92;ĐK PKĐK93;ĐK PKĐK94;ĐK PKĐK95;ĐK PKĐK96;ĐK PKĐK97;ĐK PKĐK98;ĐK PKĐK99;ĐK PKĐK100;ĐK PKĐK101;ĐK PKĐK102;ĐK PKĐK103;ĐK PKĐK104;ĐK PKĐK105;ĐK PKĐK106;ĐK PKĐK107;ĐK PKĐK108;ĐK PKĐK109;ĐK PKĐK110;ĐK PKĐK111
2DHAA,hepatitis A,Viêm gan A,ĐK BVTP1;ĐK BVTP2;ĐK BVTP3;ĐK BVTP4;ĐK BVTP5;ĐK BVTP6;ĐK BVTP7;ĐK BVTP8;ĐK BVTP9;ĐK BVTP10;ĐK BVTP11;ĐK BVTP12;ĐK BVTP13;ĐK BVQH1;ĐK BVQH2;ĐK BVQH3;ĐK BVQH4;ĐK BVQH5;ĐK BVQH6;ĐK BVQH7;ĐK BVQH8;ĐK BVQH9;ĐK BVQH10;ĐK BVQH11;ĐK BVQH12;ĐK BVQH13;ĐK BVQH14;ĐK BVQH15;ĐK BVQH16;ĐK BVQH17;ĐK BVQH18;ĐK BVQH19;ĐK BVQH20;ĐK BVQH21;ĐK BVQH22;ĐK BVQH23;ĐK BVTN1;ĐK BVTN2;ĐK BVTN3;ĐK BVTN4;ĐK BVTN5;ĐK BVTN6;ĐK BVTN7;ĐK BVTN8;ĐK BVTN9;ĐK BVTN10;ĐK BVTN11;ĐK BVTN12;ĐK BVTN13;ĐK BVTN14;ĐK BVTN15;ĐK BVTN16;ĐK BVTN17;ĐK BVTN18;ĐK BVTN19;ĐK BVQP1;ĐK PKĐK1;ĐK PKĐK2;ĐK PKĐK3;ĐK PKĐK4;ĐK PKĐK5;ĐK PKĐK6;ĐK PKĐK7;ĐK PKĐK8;ĐK PKĐK9;ĐK PKĐK10;ĐK PKĐK11;ĐK PKĐK12;ĐK PKĐK13;ĐK PKĐK14;ĐK PKĐK15;ĐK PKĐK16;ĐK PKĐK17;ĐK PKĐK18;ĐK PKĐK19;ĐK PKĐK20;ĐK PKĐK21;ĐK PKĐK22;ĐK PKĐK23;ĐK PKĐK24;ĐK PKĐK25;ĐK PKĐK26;ĐK PKĐK27;ĐK PKĐK28;ĐK PKĐK29;ĐK PKĐK30;ĐK PKĐK31;ĐK PKĐK32;ĐK PKĐK33;ĐK PKĐK34;ĐK PKĐK35;ĐK PKĐK36;ĐK PKĐK37;ĐK PKĐK38;ĐK PKĐK39;ĐK PKĐK40;ĐK PKĐK41;ĐK PKĐK42;ĐK PKĐK43;ĐK PKĐK44;ĐK PKĐK45;ĐK PKĐK46;ĐK PKĐK47;ĐK PKĐK48;ĐK PKĐK49;ĐK PKĐK50;ĐK PKĐK51;ĐK PKĐK52;ĐK PKĐK53;ĐK PKĐK54;ĐK PKĐK55;ĐK PKĐK56;ĐK PKĐK57;ĐK PKĐK58;ĐK PKĐK59;ĐK PKĐK60;ĐK PKĐK61;ĐK PKĐK62;ĐK PKĐK63;ĐK PKĐK64;ĐK PKĐK65;ĐK PKĐK66;ĐK PKĐK67;ĐK PKĐK68;ĐK PKĐK69;ĐK PKĐK70;ĐK PKĐK71;ĐK PKĐK72;ĐK PKĐK73;ĐK PKĐK74;ĐK PKĐK75;ĐK PKĐK76;ĐK PKĐK77;ĐK PKĐK78;ĐK PKĐK79;ĐK PKĐK80;ĐK PKĐK81;ĐK PKĐK82;ĐK PKĐK83;ĐK PKĐK84;ĐK PKĐK85;ĐK PKĐK86;ĐK PKĐK87;ĐK PKĐK88;ĐK PKĐK89;ĐK PKĐK90;ĐK PKĐK91;ĐK PKĐK92;ĐK PKĐK93;ĐK PKĐK94;ĐK PKĐK95;ĐK PKĐK96;ĐK PKĐK97;ĐK PKĐK98;ĐK PKĐK99;ĐK PKĐK100;ĐK PKĐK101;ĐK PKĐK102;ĐK PKĐK103;ĐK PKĐK104;ĐK PKĐK105;ĐK PKĐK106;ĐK PKĐK107;ĐK PKĐK108;ĐK PKĐK109;ĐK PKĐK110;ĐK PKĐK111
2DHAB,Hepatitis B,Viêm gan B,ĐK BVTP1;ĐK BVTP2;ĐK BVTP3;ĐK BVTP4;ĐK BVTP5;ĐK BVTP6;ĐK BVTP7;ĐK BVTP8;ĐK BVTP9;ĐK BVTP10;ĐK BVTP11;ĐK BVTP12;ĐK BVTP13;ĐK BVQH1;ĐK BVQH2;ĐK BVQH3;ĐK BVQH4;ĐK BVQH5;ĐK BVQH6;ĐK BVQH7;ĐK BVQH8;ĐK BVQH9;ĐK BVQH10;ĐK BVQH11;ĐK BVQH12;ĐK BVQH13;ĐK BVQH14;ĐK BVQH15;ĐK BVQH16;ĐK BVQH17;ĐK BVQH18;ĐK BVQH19;ĐK BVQH20;ĐK BVQH21;ĐK BVQH22;ĐK BVQH23;ĐK BVTN1;ĐK BVTN2;ĐK BVTN3;ĐK BVTN4;ĐK BVTN5;ĐK BVTN6;ĐK BVTN7;ĐK BVTN8;ĐK BVTN9;ĐK BVTN10;ĐK BVTN11;ĐK BVTN12;ĐK BVTN13;ĐK BVTN14;ĐK BVTN15;ĐK BVTN16;ĐK BVTN17;ĐK BVTN18;ĐK BVTN19;ĐK BVQP1;ĐK PKĐK1;ĐK PKĐK2;ĐK PKĐK3;ĐK PKĐK4;ĐK PKĐK5;ĐK PKĐK6;ĐK PKĐK7;ĐK PKĐK8;ĐK PKĐK9;ĐK PKĐK10;ĐK PKĐK11;ĐK PKĐK12;ĐK PKĐK13;ĐK PKĐK14;ĐK PKĐK15;ĐK PKĐK16;ĐK PKĐK17;ĐK PKĐK18;ĐK PKĐK19;ĐK PKĐK20;ĐK PKĐK21;ĐK PKĐK22;ĐK PKĐK23;ĐK PKĐK24;ĐK PKĐK25;ĐK PKĐK26;ĐK PKĐK27;ĐK PKĐK28;ĐK PKĐK29;ĐK PKĐK30;ĐK PKĐK31;ĐK PKĐK32;ĐK PKĐK33;ĐK PKĐK34;ĐK PKĐK35;ĐK PKĐK36;ĐK PKĐK37;ĐK PKĐK38;ĐK PKĐK39;ĐK PKĐK40;ĐK PKĐK41;ĐK PKĐK42;ĐK PKĐK43;ĐK PKĐK44;ĐK PKĐK45;ĐK PKĐK46;ĐK PKĐK47;ĐK PKĐK48;ĐK PKĐK49;ĐK PKĐK50;ĐK PKĐK51;ĐK PKĐK52;ĐK PKĐK53;ĐK PKĐK54;ĐK PKĐK55;ĐK PKĐK56;ĐK PKĐK57;ĐK PKĐK58;ĐK PKĐK59;ĐK PKĐK60;ĐK PKĐK61;ĐK PKĐK62;ĐK PKĐK63;ĐK PKĐK64;ĐK PKĐK65;ĐK PKĐK66;ĐK PKĐK67;ĐK PKĐK68;ĐK PKĐK69;ĐK PKĐK70;ĐK PKĐK71;ĐK PKĐK72;ĐK PKĐK73;ĐK PKĐK74;ĐK PKĐK75;ĐK PKĐK76;ĐK PKĐK77;ĐK PKĐK78;ĐK PKĐK79;ĐK PKĐK80;ĐK PKĐK81;ĐK PKĐK82;ĐK PKĐK83;ĐK PKĐK84;ĐK PKĐK85;ĐK PKĐK86;ĐK PKĐK87;ĐK PKĐK88;ĐK PKĐK89;ĐK PKĐK90;ĐK PKĐK91;ĐK PKĐK92;ĐK PKĐK93;ĐK PKĐK94;ĐK PKĐK95;ĐK PKĐK96;ĐK PKĐK97;ĐK PKĐK98;ĐK PKĐK99;ĐK PKĐK100;ĐK PKĐK101;ĐK PKĐK102;ĐK PKĐK103;ĐK PKĐK104;ĐK PKĐK105;ĐK PKĐK106;ĐK PKĐK107;ĐK PKĐK108;ĐK PKĐK109;ĐK PKĐK110;ĐK PKĐK111
2DHAC,Hepatitis C,Viêm gan C,ĐK BVTP1;ĐK BVTP2;ĐK BVTP3;ĐK BVTP4;ĐK BVTP5;ĐK BVTP6;ĐK BVTP7;ĐK BVTP8;ĐK BVTP9;ĐK BVTP10;ĐK BVTP11;ĐK BVTP12;ĐK BVTP13;ĐK BVQH1;ĐK BVQH2;ĐK BVQH3;ĐK BVQH4;ĐK BVQH5;ĐK BVQH6;ĐK BVQH7;ĐK BVQH8;ĐK BVQH9;ĐK BVQH10;ĐK BVQH11;ĐK BVQH12;ĐK BVQH13;ĐK BVQH14;ĐK BVQH15;ĐK BVQH16;ĐK BVQH17;ĐK BVQH18;ĐK BVQH19;ĐK BVQH20;ĐK BVQH21;ĐK BVQH22;ĐK BVQH23;ĐK BVTN1;ĐK BVTN2;ĐK BVTN3;ĐK BVTN4;ĐK BVTN5;ĐK BVTN6;ĐK BVTN7;ĐK BVTN8;ĐK BVTN9;ĐK BVTN10;ĐK BVTN11;ĐK BVTN12;ĐK BVTN13;ĐK BVTN14;ĐK BVTN15;ĐK BVTN16;ĐK BVTN17;ĐK BVTN18;ĐK BVTN19;ĐK BVQP1;ĐK PKĐK1;ĐK PKĐK2;ĐK PKĐK3;ĐK PKĐK4;ĐK PKĐK5;ĐK PKĐK6;ĐK PKĐK7;ĐK PKĐK8;ĐK PKĐK9;ĐK PKĐK10;ĐK PKĐK11;ĐK PKĐK12;ĐK PKĐK13;ĐK PKĐK14;ĐK PKĐK15;ĐK PKĐK16;ĐK PKĐK17;ĐK PKĐK18;ĐK PKĐK19;ĐK PKĐK20;ĐK PKĐK21;ĐK PKĐK22;ĐK PKĐK23;ĐK PKĐK24;ĐK PKĐK25;ĐK PKĐK26;ĐK PKĐK27;ĐK PKĐK28;ĐK PKĐK29;ĐK PKĐK30;ĐK PKĐK31;ĐK PKĐK32;ĐK PKĐK33;ĐK PKĐK34;ĐK PKĐK35;ĐK PKĐK36;ĐK PKĐK37;ĐK PKĐK38;ĐK PKĐK39;ĐK PKĐK40;ĐK PKĐK41;ĐK PKĐK42;ĐK PKĐK43;ĐK PKĐK44;ĐK PKĐK45;ĐK PKĐK46;ĐK PKĐK47;ĐK PKĐK48;ĐK PKĐK49;ĐK PKĐK50;ĐK PKĐK51;ĐK PKĐK52;ĐK PKĐK53;ĐK PKĐK54;ĐK PKĐK55;ĐK PKĐK56;ĐK PKĐK57;ĐK PKĐK58;ĐK PKĐK59;ĐK PKĐK60;ĐK PKĐK61;ĐK PKĐK62;ĐK PKĐK63;ĐK PKĐK64;ĐK PKĐK65;ĐK PKĐK66;ĐK PKĐK67;ĐK PKĐK68;ĐK PKĐK69;ĐK PKĐK70;ĐK PKĐK71;ĐK PKĐK72;ĐK PKĐK73;ĐK PKĐK74;ĐK PKĐK75;ĐK PKĐK76;ĐK PKĐK77;ĐK PKĐK78;ĐK PKĐK79;ĐK PKĐK80;ĐK PKĐK81;ĐK PKĐK82;ĐK PKĐK83;ĐK PKĐK84;ĐK PKĐK85;ĐK PKĐK86;ĐK PKĐK87;ĐK PKĐK88;ĐK PKĐK89;ĐK PKĐK90;ĐK PKĐK91;ĐK PKĐK92;ĐK PKĐK93;ĐK PKĐK94;ĐK PKĐK95;ĐK PKĐK96;ĐK PKĐK97;ĐK PKĐK98;ĐK PKĐK99;ĐK PKĐK100;ĐK PKĐK101;ĐK PKĐK102;ĐK PKĐK103;ĐK PKĐK104;ĐK PKĐK105;ĐK PKĐK106;ĐK PKĐK107;ĐK PKĐK108;ĐK PKĐK109;ĐK PKĐK110;ĐK PKĐK111
2DHAD,Hepatitis D,Viêm gan D,ĐK BVTP1;ĐK BVTP2;ĐK BVTP3;ĐK BVTP4;ĐK BVTP5;ĐK BVTP6;ĐK BVTP7;ĐK BVTP8;ĐK BVTP9;ĐK BVTP10;ĐK BVTP11;ĐK BVTP12;ĐK BVTP13;ĐK BVQH1;ĐK BVQH2;ĐK BVQH3;ĐK BVQH4;ĐK BVQH5;ĐK BVQH6;ĐK BVQH7;ĐK BVQH8;ĐK BVQH9;ĐK BVQH10;ĐK BVQH11;ĐK BVQH12;ĐK BVQH13;ĐK BVQH14;ĐK BVQH15;ĐK BVQH16;ĐK BVQH17;ĐK BVQH18;ĐK BVQH19;ĐK BVQH20;ĐK BVQH21;ĐK BVQH22;ĐK BVQH23;ĐK BVTN1;ĐK BVTN2;ĐK BVTN3;ĐK BVTN4;ĐK BVTN5;ĐK BVTN6;ĐK BVTN7;ĐK BVTN8;ĐK BVTN9;ĐK BVTN10;ĐK BVTN11;ĐK BVTN12;ĐK BVTN13;ĐK BVTN14;ĐK BVTN15;ĐK BVTN16;ĐK BVTN17;ĐK BVTN18;ĐK BVTN19;ĐK BVQP1;ĐK PKĐK1;ĐK PKĐK2;ĐK PKĐK3;ĐK PKĐK4;ĐK PKĐK5;ĐK PKĐK6;ĐK PKĐK7;ĐK PKĐK8;ĐK PKĐK9;ĐK PKĐK10;ĐK PKĐK11;ĐK PKĐK12;ĐK PKĐK13;ĐK PKĐK14;ĐK PKĐK15;ĐK PKĐK16;ĐK PKĐK17;ĐK PKĐK18;ĐK PKĐK19;ĐK PKĐK20;ĐK PKĐK21;ĐK PKĐK22;ĐK PKĐK23;ĐK PKĐK24;ĐK PKĐK25;ĐK PKĐK26;ĐK PKĐK27;ĐK PKĐK28;ĐK PKĐK29;ĐK PKĐK30;ĐK PKĐK31;ĐK PKĐK32;ĐK PKĐK33;ĐK PKĐK34;ĐK PKĐK35;ĐK PKĐK36;ĐK PKĐK37;ĐK PKĐK38;ĐK PKĐK39;ĐK PKĐK40;ĐK PKĐK41;ĐK PKĐK42;ĐK PKĐK43;ĐK PKĐK44;ĐK PKĐK45;ĐK PKĐK46;ĐK PKĐK47;ĐK PKĐK48;ĐK PKĐK49;ĐK PKĐK50;ĐK PKĐK51;ĐK PKĐK52;ĐK PKĐK53;ĐK PKĐK54;ĐK PKĐK55;ĐK PKĐK56;ĐK PKĐK57;ĐK PKĐK58;ĐK PKĐK59;ĐK PKĐK60;ĐK PKĐK61;ĐK PKĐK62;ĐK PKĐK63;ĐK PKĐK64;ĐK PKĐK65;ĐK PKĐK66;ĐK PKĐK67;ĐK PKĐK68;ĐK PKĐK69;ĐK PKĐK70;ĐK PKĐK71;ĐK PKĐK72;ĐK PKĐK73;ĐK PKĐK74;ĐK PKĐK75;ĐK PKĐK76;ĐK PKĐK77;ĐK PKĐK78;ĐK PKĐK79;ĐK PKĐK80;ĐK PKĐK81;ĐK PKĐK82;ĐK PKĐK83;ĐK PKĐK84;ĐK PKĐK85;ĐK PKĐK86;ĐK PKĐK87;ĐK PKĐK88;ĐK PKĐK89;ĐK PKĐK90;ĐK PKĐK91;ĐK PKĐK92;ĐK PKĐK93;ĐK PKĐK94;ĐK PKĐK95;ĐK PKĐK96;ĐK PKĐK97;ĐK PKĐK98;ĐK PKĐK99;ĐK PKĐK100;ĐK PKĐK101;ĐK PKĐK102;ĐK PKĐK103;ĐK PKĐK104;ĐK PKĐK105;ĐK PKĐK106;ĐK PKĐK107;ĐK PKĐK108;ĐK PKĐK109;ĐK PKĐK110;ĐK PKĐK111
2DHAE,Hepatitis E,Viêm gan E,ĐK BVTP1;ĐK BVTP2;ĐK BVTP3;ĐK BVTP4;ĐK BVTP5;ĐK BVTP6;ĐK BVTP7;ĐK BVTP8;ĐK BVTP9;ĐK BVTP10;ĐK BVTP11;ĐK BVTP12;ĐK BVTP13;ĐK BVQH1;ĐK BVQH2;ĐK BVQH3;ĐK BVQH4;ĐK BVQH5;ĐK BVQH6;ĐK BVQH7;ĐK BVQH8;ĐK BVQH9;ĐK BVQH10;ĐK BVQH11;ĐK BVQH12;ĐK BVQH13;ĐK BVQH14;ĐK BVQH15;ĐK BVQH16;ĐK BVQH17;ĐK BVQH18;ĐK BVQH19;ĐK BVQH20;ĐK BVQH21;ĐK BVQH22;ĐK BVQH23;ĐK BVTN1;ĐK BVTN2;ĐK BVTN3;ĐK BVTN4;ĐK BVTN5;ĐK BVTN6;ĐK BVTN7;ĐK BVTN8;ĐK BVTN9;ĐK BVTN10;ĐK BVTN11;ĐK BVTN12;ĐK BVTN13;ĐK BVTN14;ĐK BVTN15;ĐK BVTN16;ĐK BVTN17;ĐK BVTN18;ĐK BVTN19;ĐK BVQP1;ĐK PKĐK1;ĐK PKĐK2;ĐK PKĐK3;ĐK PKĐK4;ĐK PKĐK5;ĐK PKĐK6;ĐK PKĐK7;ĐK PKĐK8;ĐK PKĐK9;ĐK PKĐK10;ĐK PKĐK11;ĐK PKĐK12;ĐK PKĐK13;ĐK PKĐK14;ĐK PKĐK15;ĐK PKĐK16;ĐK PKĐK17;ĐK PKĐK18;ĐK PKĐK19;ĐK PKĐK20;ĐK PKĐK21;ĐK PKĐK22;ĐK PKĐK23;ĐK PKĐK24;ĐK PKĐK25;ĐK PKĐK26;ĐK PKĐK27;ĐK PKĐK28;ĐK PKĐK29;ĐK PKĐK30;ĐK PKĐK31;ĐK PKĐK32;ĐK PKĐK33;ĐK PKĐK34;ĐK PKĐK35;ĐK PKĐK36;ĐK PKĐK37;ĐK PKĐK38;ĐK PKĐK39;ĐK PKĐK40;ĐK PKĐK41;ĐK PKĐK42;ĐK PKĐK43;ĐK PKĐK44;ĐK PKĐK45;ĐK PKĐK46;ĐK PKĐK47;ĐK PKĐK48;ĐK PKĐK49;ĐK PKĐK50;ĐK PKĐK51;ĐK PKĐK52;ĐK PKĐK53;ĐK PKĐK54;ĐK PKĐK55;ĐK PKĐK56;ĐK PKĐK57;ĐK PKĐK58;ĐK PKĐK59;ĐK PKĐK60;ĐK PKĐK61;ĐK PKĐK62;ĐK PKĐK63;ĐK PKĐK64;ĐK PKĐK65;ĐK PKĐK66;ĐK PKĐK67;ĐK PKĐK68;ĐK PKĐK69;ĐK PKĐK70;ĐK PKĐK71;ĐK PKĐK72;ĐK PKĐK73;ĐK PKĐK74;ĐK PKĐK75;ĐK PKĐK76;ĐK PKĐK77;ĐK PKĐK78;ĐK PKĐK79;ĐK PKĐK80;ĐK PKĐK81;ĐK PKĐK82;ĐK PKĐK83;ĐK PKĐK84;ĐK PKĐK85;ĐK PKĐK86;ĐK PKĐK87;ĐK PKĐK88;ĐK PKĐK89;ĐK PKĐK90;ĐK PKĐK91;ĐK PKĐK92;ĐK PKĐK93;ĐK PKĐK94;ĐK PKĐK95;ĐK PKĐK96;ĐK PKĐK97;ĐK PKĐK98;ĐK PKĐK99;ĐK PKĐK100;ĐK PKĐK101;ĐK PKĐK102;ĐK PKĐK103;ĐK PKĐK104;ĐK PKĐK105;ĐK PKĐK106;ĐK PKĐK107;ĐK PKĐK108;ĐK PKĐK109;ĐK PKĐK110;ĐK PKĐK111
2DAHD,Alcoholic hepatitis,Viêm gan do rượu,ĐK BVTP1;ĐK BVTP2;ĐK BVTP3;ĐK BVTP4;ĐK BVTP5;ĐK BVTP6;ĐK BVTP7;ĐK BVTP8;ĐK BVTP9;ĐK BVTP10;ĐK BVTP11;ĐK BVTP12;ĐK BVTP13;ĐK BVQH1;ĐK BVQH2;ĐK BVQH3;ĐK BVQH4;ĐK BVQH5;ĐK BVQH6;ĐK BVQH7;ĐK BVQH8;ĐK BVQH9;ĐK BVQH10;ĐK BVQH11;ĐK BVQH12;ĐK BVQH13;ĐK BVQH14;ĐK BVQH15;ĐK BVQH16;ĐK BVQH17;ĐK BVQH18;ĐK BVQH19;ĐK BVQH20;ĐK BVQH21;ĐK BVQH22;ĐK BVQH23;ĐK BVTN1;ĐK BVTN2;ĐK BVTN3;ĐK BVTN4;ĐK BVTN5;ĐK BVTN6;ĐK BVTN7;ĐK BVTN8;ĐK BVTN9;ĐK BVTN10;ĐK BVTN11;ĐK BVTN12;ĐK BVTN13;ĐK BVTN14;ĐK BVTN15;ĐK BVTN16;ĐK BVTN17;ĐK BVTN18;ĐK BVTN19;ĐK BVQP1;ĐK PKĐK1;ĐK PKĐK2;ĐK PKĐK3;ĐK PKĐK4;ĐK PKĐK5;ĐK PKĐK6;ĐK PKĐK7;ĐK PKĐK8;ĐK PKĐK9;ĐK PKĐK10;ĐK PKĐK11;ĐK PKĐK12;ĐK PKĐK13;ĐK PKĐK14;ĐK PKĐK15;ĐK PKĐK16;ĐK PKĐK17;ĐK PKĐK18;ĐK PKĐK19;ĐK PKĐK20;ĐK PKĐK21;ĐK PKĐK22;ĐK PKĐK23;ĐK PKĐK24;ĐK PKĐK25;ĐK PKĐK26;ĐK PKĐK27;ĐK PKĐK28;ĐK PKĐK29;ĐK PKĐK30;ĐK PKĐK31;ĐK PKĐK32;ĐK PKĐK33;ĐK PKĐK34;ĐK PKĐK35;ĐK PKĐK36;ĐK PKĐK37;ĐK PKĐK38;ĐK PKĐK39;ĐK PKĐK40;ĐK PKĐK41;ĐK PKĐK42;ĐK PKĐK43;ĐK PKĐK44;ĐK PKĐK45;ĐK PKĐK46;ĐK PKĐK47;ĐK PKĐK48;ĐK PKĐK49;ĐK PKĐK50;ĐK PKĐK51;ĐK PKĐK52;ĐK PKĐK53;ĐK PKĐK54;ĐK PKĐK55;ĐK PKĐK56;ĐK PKĐK57;ĐK PKĐK58;ĐK PKĐK59;ĐK PKĐK60;ĐK PKĐK61;ĐK PKĐK62;ĐK PKĐK63;ĐK PKĐK64;ĐK PKĐK65;ĐK PKĐK66;ĐK PKĐK67;ĐK PKĐK68;ĐK PKĐK69;ĐK PKĐK70;ĐK PKĐK71;ĐK PKĐK72;ĐK PKĐK73;ĐK PKĐK74;ĐK PKĐK75;ĐK PKĐK76;ĐK PKĐK77;ĐK PKĐK78;ĐK PKĐK79;ĐK PKĐK80;ĐK PKĐK81;ĐK PKĐK82;ĐK PKĐK83;ĐK PKĐK84;ĐK PKĐK85;ĐK PKĐK86;ĐK PKĐK87;ĐK PKĐK88;ĐK PKĐK89;ĐK PKĐK90;ĐK PKĐK91;ĐK PKĐK92;ĐK PKĐK93;ĐK PKĐK94;ĐK PKĐK95;ĐK PKĐK96;ĐK PKĐK97;ĐK PKĐK98;ĐK PKĐK99;ĐK PKĐK100;ĐK PKĐK101;ĐK PKĐK102;ĐK PKĐK103;ĐK PKĐK104;ĐK PKĐK105;ĐK PKĐK106;ĐK PKĐK107;ĐK PKĐK108;ĐK PKĐK109;ĐK PKĐK110;ĐK PKĐK111
1DTUB,Tuberculosis,Lao,ĐK BVTP1;ĐK BVTP2;ĐK BVTP3;ĐK BVTP4;ĐK BVTP5;ĐK BVTP6;ĐK BVTP7;ĐK BVTP8;ĐK BVTP9;ĐK BVTP10;ĐK BVTP11;ĐK BVTP12;ĐK BVTP13;ĐK BVQH1;ĐK BVQH2;ĐK BVQH3;ĐK BVQH4;ĐK BVQH5;ĐK BVQH6;ĐK BVQH7;ĐK BVQH8;ĐK BVQH9;ĐK BVQH10;ĐK BVQH11;ĐK BVQH12;ĐK BVQH13;ĐK BVQH14;ĐK BVQH15;ĐK BVQH16;ĐK BVQH17;ĐK BVQH18;ĐK BVQH19;ĐK BVQH20;ĐK BVQH21;ĐK BVQH22;ĐK BVQH23;ĐK BVTN1;ĐK BVTN2;ĐK BVTN3;ĐK BVTN4;ĐK BVTN5;ĐK BVTN6;ĐK BVTN7;ĐK BVTN8;ĐK BVTN9;ĐK BVTN10;ĐK BVTN11;ĐK BVTN12;ĐK BVTN13;ĐK BVTN14;ĐK BVTN15;ĐK BVTN16;ĐK BVTN17;ĐK BVTN18;ĐK BVTN19;ĐK BVQP1;ĐK PKĐK1;ĐK PKĐK2;ĐK PKĐK3;ĐK PKĐK4;ĐK PKĐK5;ĐK PKĐK6;ĐK PKĐK7;ĐK PKĐK8;ĐK PKĐK9;ĐK PKĐK10;ĐK PKĐK11;ĐK PKĐK12;ĐK PKĐK13;ĐK PKĐK14;ĐK PKĐK15;ĐK PKĐK16;ĐK PKĐK17;ĐK PKĐK18;ĐK PKĐK19;ĐK PKĐK20;ĐK PKĐK21;ĐK PKĐK22;ĐK PKĐK23;ĐK PKĐK24;ĐK PKĐK25;ĐK PKĐK26;ĐK PKĐK27;ĐK PKĐK28;ĐK PKĐK29;ĐK PKĐK30;ĐK PKĐK31;ĐK PKĐK32;ĐK PKĐK33;ĐK PKĐK34;ĐK PKĐK35;ĐK PKĐK36;ĐK PKĐK37;ĐK PKĐK38;ĐK PKĐK39;ĐK PKĐK40;ĐK PKĐK41;ĐK PKĐK42;ĐK PKĐK43;ĐK PKĐK44;ĐK PKĐK45;ĐK PKĐK46;ĐK PKĐK47;ĐK PKĐK48;ĐK PKĐK49;ĐK PKĐK50;ĐK PKĐK51;ĐK PKĐK52;ĐK PKĐK53;ĐK PKĐK54;ĐK PKĐK55;ĐK PKĐK56;ĐK PKĐK57;ĐK PKĐK58;ĐK PKĐK59;ĐK PKĐK60;ĐK PKĐK61;ĐK PKĐK62;ĐK PKĐK63;ĐK PKĐK64;ĐK PKĐK65;ĐK PKĐK66;ĐK PKĐK67;ĐK PKĐK68;ĐK PKĐK69;ĐK PKĐK70;ĐK PKĐK71;ĐK PKĐK72;ĐK PKĐK73;ĐK PKĐK74;ĐK PKĐK75;ĐK PKĐK76;ĐK PKĐK77;ĐK PKĐK78;ĐK PKĐK79;ĐK PKĐK80;ĐK PKĐK81;ĐK PKĐK82;ĐK PKĐK83;ĐK PKĐK84;ĐK PKĐK85;ĐK PKĐK86;ĐK PKĐK87;ĐK PKĐK88;ĐK PKĐK89;ĐK PKĐK90;ĐK PKĐK91;ĐK PKĐK92;ĐK PKĐK93;ĐK PKĐK94;ĐK PKĐK95;ĐK PKĐK96;ĐK PKĐK97;ĐK PKĐK98;ĐK PKĐK99;ĐK PKĐK100;ĐK PKĐK101;ĐK PKĐK102;ĐK PKĐK103;ĐK PKĐK104;ĐK PKĐK105;ĐK PKĐK106;ĐK PKĐK107;ĐK PKĐK108;ĐK PKĐK109;ĐK PKĐK110;ĐK PKĐK111
1DCCD,Common Cold,Cảm lạnh,ĐK BVTP1;ĐK BVTP2;ĐK BVTP3;ĐK BVTP4;ĐK BVTP5;ĐK BVTP6;ĐK BVTP7;ĐK BVTP8;ĐK BVTP9;ĐK BVTP10;ĐK BVTP11;ĐK BVTP12;ĐK BVTP13;ĐK BVQH1;ĐK BVQH2;ĐK BVQH3;ĐK BVQH4;ĐK BVQH5;ĐK BVQH6;ĐK BVQH7;ĐK BVQH8;ĐK BVQH9;ĐK BVQH10;ĐK BVQH11;ĐK BVQH12;ĐK BVQH13;ĐK BVQH14;ĐK BVQH15;ĐK BVQH16;ĐK BVQH17;ĐK BVQH18;ĐK BVQH19;ĐK BVQH20;ĐK BVQH21;ĐK BVQH22;ĐK BVQH23;ĐK BVTN1;ĐK BVTN2;ĐK BVTN3;ĐK BVTN4;ĐK BVTN5;ĐK BVTN6;ĐK BVTN7;ĐK BVTN8;ĐK BVTN9;ĐK BVTN10;ĐK BVTN11;ĐK BVTN12;ĐK BVTN13;ĐK BVTN14;ĐK BVTN15;ĐK BVTN16;ĐK BVTN17;ĐK BVTN18;ĐK BVTN19;ĐK BVQP1;ĐK PKĐK1;ĐK PKĐK2;ĐK PKĐK3;ĐK PKĐK4;ĐK PKĐK5;ĐK PKĐK6;ĐK PKĐK7;ĐK PKĐK8;ĐK PKĐK9;ĐK PKĐK10;ĐK PKĐK11;ĐK PKĐK12;ĐK PKĐK13;ĐK PKĐK14;ĐK PKĐK15;ĐK PKĐK16;ĐK PKĐK17;ĐK PKĐK18;ĐK PKĐK19;ĐK PKĐK20;ĐK PKĐK21;ĐK PKĐK22;ĐK PKĐK23;ĐK PKĐK24;ĐK PKĐK25;ĐK PKĐK26;ĐK PKĐK27;ĐK PKĐK28;ĐK PKĐK29;ĐK PKĐK30;ĐK PKĐK31;ĐK PKĐK32;ĐK PKĐK33;ĐK PKĐK34;ĐK PKĐK35;ĐK PKĐK36;ĐK PKĐK37;ĐK PKĐK38;ĐK PKĐK39;ĐK PKĐK40;ĐK PKĐK41;ĐK PKĐK42;ĐK PKĐK43;ĐK PKĐK44;ĐK PKĐK45;ĐK PKĐK46;ĐK PKĐK47;ĐK PKĐK48;ĐK PKĐK49;ĐK PKĐK50;ĐK PKĐK51;ĐK PKĐK52;ĐK PKĐK53;ĐK PKĐK54;ĐK PKĐK55;ĐK PKĐK56;ĐK PKĐK57;ĐK PKĐK58;ĐK PKĐK59;ĐK PKĐK60;ĐK PKĐK61;ĐK PKĐK62;ĐK PKĐK63;ĐK PKĐK64;ĐK PKĐK65;ĐK PKĐK66;ĐK PKĐK67;ĐK PKĐK68;ĐK PKĐK69;ĐK PKĐK70;ĐK PKĐK71;ĐK PKĐK72;ĐK PKĐK73;ĐK PKĐK74;ĐK PKĐK75;ĐK PKĐK76;ĐK PKĐK77;ĐK PKĐK78;ĐK PKĐK79;ĐK PKĐK80;ĐK PKĐK81;ĐK PKĐK82;ĐK PKĐK83;ĐK PKĐK84;ĐK PKĐK85;ĐK PKĐK86;ĐK PKĐK87;ĐK PKĐK88;ĐK PKĐK89;ĐK PKĐK90;ĐK PKĐK91;ĐK PKĐK92;ĐK PKĐK93;ĐK PKĐK94;ĐK PKĐK95;ĐK PKĐK96;ĐK PKĐK97;ĐK PKĐK98;ĐK PKĐK99;ĐK PKĐK100;ĐK PKĐK101;ĐK PKĐK102;ĐK PKĐK103;ĐK PKĐK104;ĐK PKĐK105;ĐK PKĐK106;ĐK PKĐK107;ĐK PKĐK108;ĐK PKĐK109;ĐK PKĐK110;ĐK PKĐK111
1DPNE,Pneumonia,Viêm phổi,ĐK BVTP1;ĐK BVTP2;ĐK BVTP3;ĐK BVTP4;ĐK BVTP5;ĐK BVTP6;ĐK BVTP7;ĐK BVTP8;ĐK BVTP9;ĐK BVTP10;ĐK BVTP11;ĐK BVTP12;ĐK BVTP13;ĐK BVQH1;ĐK BVQH2;ĐK BVQH3;ĐK BVQH4;ĐK BVQH5;ĐK BVQH6;ĐK BVQH7;ĐK BVQH8;ĐK BVQH9;ĐK BVQH10;ĐK BVQH11;ĐK BVQH12;ĐK BVQH13;ĐK BVQH14;ĐK BVQH15;ĐK BVQH16;ĐK BVQH17;ĐK BVQH18;ĐK BVQH19;ĐK BVQH20;ĐK BVQH21;ĐK BVQH22;ĐK BVQH23;ĐK BVTN1;ĐK BVTN2;ĐK BVTN3;ĐK BVTN4;ĐK BVTN5;ĐK BVTN6;ĐK BVTN7;ĐK BVTN8;ĐK BVTN9;ĐK BVTN10;ĐK BVTN11;ĐK BVTN12;ĐK BVTN13;ĐK BVTN14;ĐK BVTN15;ĐK BVTN16;ĐK BVTN17;ĐK BVTN18;ĐK BVTN19;ĐK BVQP1;ĐK PKĐK1;ĐK PKĐK2;ĐK PKĐK3;ĐK PKĐK4;ĐK PKĐK5;ĐK PKĐK6;ĐK PKĐK7;ĐK PKĐK8;ĐK PKĐK9;ĐK PKĐK10;ĐK PKĐK11;ĐK PKĐK12;ĐK PKĐK13;ĐK PKĐK14;ĐK PKĐK15;ĐK PKĐK16;ĐK PKĐK17;ĐK PKĐK18;ĐK PKĐK19;ĐK PKĐK20;ĐK PKĐK21;ĐK PKĐK22;ĐK PKĐK23;ĐK PKĐK24;ĐK PKĐK25;ĐK PKĐK26;ĐK PKĐK27;ĐK PKĐK28;ĐK PKĐK29;ĐK PKĐK30;ĐK PKĐK31;ĐK PKĐK32;ĐK PKĐK33;ĐK PKĐK34;ĐK PKĐK35;ĐK PKĐK36;ĐK PKĐK37;ĐK PKĐK38;ĐK PKĐK39;ĐK PKĐK40;ĐK PKĐK41;ĐK PKĐK42;ĐK PKĐK43;ĐK PKĐK44;ĐK PKĐK45;ĐK PKĐK46;ĐK PKĐK47;ĐK PKĐK48;ĐK PKĐK49;ĐK PKĐK50;ĐK PKĐK51;ĐK PKĐK52;ĐK PKĐK53;ĐK PKĐK54;ĐK PKĐK55;ĐK PKĐK56;ĐK PKĐK57;ĐK PKĐK58;ĐK PKĐK59;ĐK PKĐK60;ĐK PKĐK61;ĐK PKĐK62;ĐK PKĐK63;ĐK PKĐK64;ĐK PKĐK65;ĐK PKĐK66;ĐK PKĐK67;ĐK PKĐK68;ĐK PKĐK69;ĐK PKĐK70;ĐK PKĐK71;ĐK PKĐK72;ĐK PKĐK73;ĐK PKĐK74;ĐK PKĐK75;ĐK PKĐK76;ĐK PKĐK77;ĐK PKĐK78;ĐK PKĐK79;ĐK PKĐK80;ĐK PKĐK81;ĐK PKĐK82;ĐK PKĐK83;ĐK PKĐK84;ĐK PKĐK85;ĐK PKĐK86;ĐK PKĐK87;ĐK PKĐK88;ĐK PKĐK89;ĐK PKĐK90;ĐK PKĐK91;ĐK PKĐK92;ĐK PKĐK93;ĐK PKĐK94;ĐK PKĐK95;ĐK PKĐK96;ĐK PKĐK97;ĐK PKĐK98;ĐK PKĐK99;ĐK PKĐK100;ĐK PKĐK101;ĐK PKĐK102;ĐK PKĐK103;ĐK PKĐK104;ĐK PKĐK105;ĐK PKĐK106;ĐK PKĐK107;ĐK PKĐK108;ĐK PKĐK109;ĐK PKĐK110;ĐK PKĐK111
2DHPD,Dimorphic hemmorhoids(piles),Trĩ,ĐK BVTP1;ĐK BVTP2;ĐK BVTP3;ĐK BVTP4;ĐK BVTP5;ĐK BVTP6;ĐK BVTP7;ĐK BVTP8;ĐK BVTP9;ĐK BVTP10;ĐK BVTP11;ĐK BVTP12;ĐK BVTP13;ĐK BVQH1;ĐK BVQH2;ĐK BVQH3;ĐK BVQH4;ĐK BVQH5;ĐK BVQH6;ĐK BVQH7;ĐK BVQH8;ĐK BVQH9;ĐK BVQH10;ĐK BVQH11;ĐK BVQH12;ĐK BVQH13;ĐK BVQH14;ĐK BVQH15;ĐK BVQH16;ĐK BVQH17;ĐK BVQH18;ĐK BVQH19;ĐK BVQH20;ĐK BVQH21;ĐK BVQH22;ĐK BVQH23;ĐK BVTN1;ĐK BVTN2;ĐK BVTN3;ĐK BVTN4;ĐK BVTN5;ĐK BVTN6;ĐK BVTN7;ĐK BVTN8;ĐK BVTN9;ĐK BVTN10;ĐK BVTN11;ĐK BVTN12;ĐK BVTN13;ĐK BVTN14;ĐK BVTN15;ĐK BVTN16;ĐK BVTN17;ĐK BVTN18;ĐK BVTN19;ĐK BVQP1;ĐK PKĐK1;ĐK PKĐK2;ĐK PKĐK3;ĐK PKĐK4;ĐK PKĐK5;ĐK PKĐK6;ĐK PKĐK7;ĐK PKĐK8;ĐK PKĐK9;ĐK PKĐK10;ĐK PKĐK11;ĐK PKĐK12;ĐK PKĐK13;ĐK PKĐK14;ĐK PKĐK15;ĐK PKĐK16;ĐK PKĐK17;ĐK PKĐK18;ĐK PKĐK19;ĐK PKĐK20;ĐK PKĐK21;ĐK PKĐK22;ĐK PKĐK23;ĐK PKĐK24;ĐK PKĐK25;ĐK PKĐK26;ĐK PKĐK27;ĐK PKĐK28;ĐK PKĐK29;ĐK PKĐK30;ĐK PKĐK31;ĐK PKĐK32;ĐK PKĐK33;ĐK PKĐK34;ĐK PKĐK35;ĐK PKĐK36;ĐK PKĐK37;ĐK PKĐK38;ĐK PKĐK39;ĐK PKĐK40;ĐK PKĐK41;ĐK PKĐK42;ĐK PKĐK43;ĐK PKĐK44;ĐK PKĐK45;ĐK PKĐK46;ĐK PKĐK47;ĐK PKĐK48;ĐK PKĐK49;ĐK PKĐK50;ĐK PKĐK51;ĐK PKĐK52;ĐK PKĐK53;ĐK PKĐK54;ĐK PKĐK55;ĐK PKĐK56;ĐK PKĐK57;ĐK PKĐK58;ĐK PKĐK59;ĐK PKĐK60;ĐK PKĐK61;ĐK PKĐK62;ĐK PKĐK63;ĐK PKĐK64;ĐK PKĐK65;ĐK PKĐK66;ĐK PKĐK67;ĐK PKĐK68;ĐK PKĐK69;ĐK PKĐK70;ĐK PKĐK71;ĐK PKĐK72;ĐK PKĐK73;ĐK PKĐK74;ĐK PKĐK75;ĐK PKĐK76;ĐK PKĐK77;ĐK PKĐK78;ĐK PKĐK79;ĐK PKĐK80;ĐK PKĐK81;ĐK PKĐK82;ĐK PKĐK83;ĐK PKĐK84;ĐK PKĐK85;ĐK PKĐK86;ĐK PKĐK87;ĐK PKĐK88;ĐK PKĐK89;ĐK PKĐK90;ĐK PKĐK91;ĐK PKĐK92;ĐK PKĐK93;ĐK PKĐK94;ĐK PKĐK95;ĐK PKĐK96;ĐK PKĐK97;ĐK PKĐK98;ĐK PKĐK99;ĐK PKĐK100;ĐK PKĐK101;ĐK PKĐK102;ĐK PKĐK103;ĐK PKĐK104;ĐK PKĐK105;ĐK PKĐK106;ĐK PKĐK107;ĐK PKĐK108;ĐK PKĐK109;ĐK PKĐK110;ĐK PKĐK111
2DHEA,Heart attack,Nhồi máu cơ tim,ĐK BVTP1;ĐK BVTP2;ĐK BVTP3;ĐK BVTP4;ĐK BVTP5;ĐK BVTP6;ĐK BVTP7;ĐK BVTP8;ĐK BVTP9;ĐK BVTP10;ĐK BVTP11;ĐK BVTP12;ĐK BVTP13;ĐK BVQH1;ĐK BVQH2;ĐK BVQH3;ĐK BVQH4;ĐK BVQH5;ĐK BVQH6;ĐK BVQH7;ĐK BVQH8;ĐK BVQH9;ĐK BVQH10;ĐK BVQH11;ĐK BVQH12;ĐK BVQH13;ĐK BVQH14;ĐK BVQH15;ĐK BVQH16;ĐK BVQH17;ĐK BVQH18;ĐK BVQH19;ĐK BVQH20;ĐK BVQH21;ĐK BVQH22;ĐK BVQH23;ĐK BVTN1;ĐK BVTN2;ĐK BVTN3;ĐK BVTN4;ĐK BVTN5;ĐK BVTN6;ĐK BVTN7;ĐK BVTN8;ĐK BVTN9;ĐK BVTN10;ĐK BVTN11;ĐK BVTN12;ĐK BVTN13;ĐK BVTN14;ĐK BVTN15;ĐK BVTN16;ĐK BVTN17;ĐK BVTN18;ĐK BVTN19;ĐK BVQP1;ĐK PKĐK1;ĐK PKĐK2;ĐK PKĐK3;ĐK PKĐK4;ĐK PKĐK5;ĐK PKĐK6;ĐK PKĐK7;ĐK PKĐK8;ĐK PKĐK9;ĐK PKĐK10;ĐK PKĐK11;ĐK PKĐK12;ĐK PKĐK13;ĐK PKĐK14;ĐK PKĐK15;ĐK PKĐK16;ĐK PKĐK17;ĐK PKĐK18;ĐK PKĐK19;ĐK PKĐK20;ĐK PKĐK21;ĐK PKĐK22;ĐK PKĐK23;ĐK PKĐK24;ĐK PKĐK25;ĐK PKĐK26;ĐK PKĐK27;ĐK PKĐK28;ĐK PKĐK29;ĐK PKĐK30;ĐK PKĐK31;ĐK PKĐK32;ĐK PKĐK33;ĐK PKĐK34;ĐK PKĐK35;ĐK PKĐK36;ĐK PKĐK37;ĐK PKĐK38;ĐK PKĐK39;ĐK PKĐK40;ĐK PKĐK41;ĐK PKĐK42;ĐK PKĐK43;ĐK PKĐK44;ĐK PKĐK45;ĐK PKĐK46;ĐK PKĐK47;ĐK PKĐK48;ĐK PKĐK49;ĐK PKĐK50;ĐK PKĐK51;ĐK PKĐK52;ĐK PKĐK53;ĐK PKĐK54;ĐK PKĐK55;ĐK PKĐK56;ĐK PKĐK57;ĐK PKĐK58;ĐK PKĐK59;ĐK PKĐK60;ĐK PKĐK61;ĐK PKĐK62;ĐK PKĐK63;ĐK PKĐK64;ĐK PKĐK65;ĐK PKĐK66;ĐK PKĐK67;ĐK PKĐK68;ĐK PKĐK69;ĐK PKĐK70;ĐK PKĐK71;ĐK PKĐK72;ĐK PKĐK73;ĐK PKĐK74;ĐK PKĐK75;ĐK PKĐK76;ĐK PKĐK77;ĐK PKĐK78;ĐK PKĐK79;ĐK PKĐK80;ĐK PKĐK81;ĐK PKĐK82;ĐK PKĐK83;ĐK PKĐK84;ĐK PKĐK85;ĐK PKĐK86;ĐK PKĐK87;ĐK PKĐK88;ĐK PKĐK89;ĐK PKĐK90;ĐK PKĐK91;ĐK PKĐK92;ĐK PKĐK93;ĐK PKĐK94;ĐK PKĐK95;ĐK PKĐK96;ĐK PKĐK97;ĐK PKĐK98;ĐK PKĐK99;ĐK PKĐK100;ĐK PKĐK101;ĐK PKĐK102;ĐK PKĐK103;ĐK PKĐK104;ĐK PKĐK105;ĐK PKĐK106;ĐK PKĐK107;ĐK PKĐK108;ĐK PKĐK109;ĐK PKĐK110;ĐK PKĐK111
2VAVD,Varicose veins,Giãn tĩnh mạch,ĐK BVTP1;ĐK BVTP2;ĐK BVTP3;ĐK BVTP4;ĐK BVTP5;ĐK BVTP6;ĐK BVTP7;ĐK BVTP8;ĐK BVTP9;ĐK BVTP10;ĐK BVTP11;ĐK BVTP12;ĐK BVTP13;ĐK BVQH1;ĐK BVQH2;ĐK BVQH3;ĐK BVQH4;ĐK BVQH5;ĐK BVQH6;ĐK BVQH7;ĐK BVQH8;ĐK BVQH9;ĐK BVQH10;ĐK BVQH11;ĐK BVQH12;ĐK BVQH13;ĐK BVQH14;ĐK BVQH15;ĐK BVQH16;ĐK BVQH17;ĐK BVQH18;ĐK BVQH19;ĐK BVQH20;ĐK BVQH21;ĐK BVQH22;ĐK BVQH23;ĐK BVTN1;ĐK BVTN2;ĐK BVTN3;ĐK BVTN4;ĐK BVTN5;ĐK BVTN6;ĐK BVTN7;ĐK BVTN8;ĐK BVTN9;ĐK BVTN10;ĐK BVTN11;ĐK BVTN12;ĐK BVTN13;ĐK BVTN14;ĐK BVTN15;ĐK BVTN16;ĐK BVTN17;ĐK BVTN18;ĐK BVTN19;ĐK BVQP1;ĐK PKĐK1;ĐK PKĐK2;ĐK PKĐK3;ĐK PKĐK4;ĐK PKĐK5;ĐK PKĐK6;ĐK PKĐK7;ĐK PKĐK8;ĐK PKĐK9;ĐK PKĐK10;ĐK PKĐK11;ĐK PKĐK12;ĐK PKĐK13;ĐK PKĐK14;ĐK PKĐK15;ĐK PKĐK16;ĐK PKĐK17;ĐK PKĐK18;ĐK PKĐK19;ĐK PKĐK20;ĐK PKĐK21;ĐK PKĐK22;ĐK PKĐK23;ĐK PKĐK24;ĐK PKĐK25;ĐK PKĐK26;ĐK PKĐK27;ĐK PKĐK28;ĐK PKĐK29;ĐK PKĐK30;ĐK PKĐK31;ĐK PKĐK32;ĐK PKĐK33;ĐK PKĐK34;ĐK PKĐK35;ĐK PKĐK36;ĐK PKĐK37;ĐK PKĐK38;ĐK PKĐK39;ĐK PKĐK40;ĐK PKĐK41;ĐK PKĐK42;ĐK PKĐK43;ĐK PKĐK44;ĐK PKĐK45;ĐK PKĐK46;ĐK PKĐK47;ĐK PKĐK48;ĐK PKĐK49;ĐK PKĐK50;ĐK PKĐK51;ĐK PKĐK52;ĐK PKĐK53;ĐK PKĐK54;ĐK PKĐK55;ĐK PKĐK56;ĐK PKĐK57;ĐK PKĐK58;ĐK PKĐK59;ĐK PKĐK60;ĐK PKĐK61;ĐK PKĐK62;ĐK PKĐK63;ĐK PKĐK64;ĐK PKĐK65;ĐK PKĐK66;ĐK PKĐK67;ĐK PKĐK68;ĐK PKĐK69;ĐK PKĐK70;ĐK PKĐK71;ĐK PKĐK72;ĐK PKĐK73;ĐK PKĐK74;ĐK PKĐK75;ĐK PKĐK76;ĐK PKĐK77;ĐK PKĐK78;ĐK PKĐK79;ĐK PKĐK80;ĐK PKĐK81;ĐK PKĐK82;ĐK PKĐK83;ĐK PKĐK84;ĐK PKĐK85;ĐK PKĐK86;ĐK PKĐK87;ĐK PKĐK88;ĐK PKĐK89;ĐK PKĐK90;ĐK PKĐK91;ĐK PKĐK92;ĐK PKĐK93;ĐK PKĐK94;ĐK PKĐK95;ĐK PKĐK96;ĐK PKĐK97;ĐK PKĐK98;ĐK PKĐK99;ĐK PKĐK100;ĐK PKĐK101;ĐK PKĐK102;ĐK PKĐK103;ĐK PKĐK104;ĐK PKĐK105;ĐK PKĐK106;ĐK PKĐK107;ĐK PKĐK108;ĐK PKĐK109;ĐK PKĐK110;ĐK PKĐK111
2HPOT,Hypothyroidism,Suy giáp ,ĐK BVTP1;ĐK BVTP2;ĐK BVTP3;ĐK BVTP4;ĐK BVTP5;ĐK BVTP6;ĐK BVTP7;ĐK BVTP8;ĐK BVTP9;ĐK BVTP10;ĐK BVTP11;ĐK BVTP12;ĐK BVTP13;ĐK BVQH1;ĐK BVQH2;ĐK BVQH3;ĐK BVQH4;ĐK BVQH5;ĐK BVQH6;ĐK BVQH7;ĐK BVQH8;ĐK BVQH9;ĐK BVQH10;ĐK BVQH11;ĐK BVQH12;ĐK BVQH13;ĐK BVQH14;ĐK BVQH15;ĐK BVQH16;ĐK BVQH17;ĐK BVQH18;ĐK BVQH19;ĐK BVQH20;ĐK BVQH21;ĐK BVQH22;ĐK BVQH23;ĐK BVTN1;ĐK BVTN2;ĐK BVTN3;ĐK BVTN4;ĐK BVTN5;ĐK BVTN6;ĐK BVTN7;ĐK BVTN8;ĐK BVTN9;ĐK BVTN10;ĐK BVTN11;ĐK BVTN12;ĐK BVTN13;ĐK BVTN14;ĐK BVTN15;ĐK BVTN16;ĐK BVTN17;ĐK BVTN18;ĐK BVTN19;ĐK BVQP1;ĐK PKĐK1;ĐK PKĐK2;ĐK PKĐK3;ĐK PKĐK4;ĐK PKĐK5;ĐK PKĐK6;ĐK PKĐK7;ĐK PKĐK8;ĐK PKĐK9;ĐK PKĐK10;ĐK PKĐK11;ĐK PKĐK12;ĐK PKĐK13;ĐK PKĐK14;ĐK PKĐK15;ĐK PKĐK16;ĐK PKĐK17;ĐK PKĐK18;ĐK PKĐK19;ĐK PKĐK20;ĐK PKĐK21;ĐK PKĐK22;ĐK PKĐK23;ĐK PKĐK24;ĐK PKĐK25;ĐK PKĐK26;ĐK PKĐK27;ĐK PKĐK28;ĐK PKĐK29;ĐK PKĐK30;ĐK PKĐK31;ĐK PKĐK32;ĐK PKĐK33;ĐK PKĐK34;ĐK PKĐK35;ĐK PKĐK36;ĐK PKĐK37;ĐK PKĐK38;ĐK PKĐK39;ĐK PKĐK40;ĐK PKĐK41;ĐK PKĐK42;ĐK PKĐK43;ĐK PKĐK44;ĐK PKĐK45;ĐK PKĐK46;ĐK PKĐK47;ĐK PKĐK48;ĐK PKĐK49;ĐK PKĐK50;ĐK PKĐK51;ĐK PKĐK52;ĐK PKĐK53;ĐK PKĐK54;ĐK PKĐK55;ĐK PKĐK56;ĐK PKĐK57;ĐK PKĐK58;ĐK PKĐK59;ĐK PKĐK60;ĐK PKĐK61;ĐK PKĐK62;ĐK PKĐK63;ĐK PKĐK64;ĐK PKĐK65;ĐK PKĐK66;ĐK PKĐK67;ĐK PKĐK68;ĐK PKĐK69;ĐK PKĐK70;ĐK PKĐK71;ĐK PKĐK72;ĐK PKĐK73;ĐK PKĐK74;ĐK PKĐK75;ĐK PKĐK76;ĐK PKĐK77;ĐK PKĐK78;ĐK PKĐK79;ĐK PKĐK80;ĐK PKĐK81;ĐK PKĐK82;ĐK PKĐK83;ĐK PKĐK84;ĐK PKĐK85;ĐK PKĐK86;ĐK PKĐK87;ĐK PKĐK88;ĐK PKĐK89;ĐK PKĐK90;ĐK PKĐK91;ĐK PKĐK92;ĐK PKĐK93;ĐK PKĐK94;ĐK PKĐK95;ĐK PKĐK96;ĐK PKĐK97;ĐK PKĐK98;ĐK PKĐK99;ĐK PKĐK100;ĐK PKĐK101;ĐK PKĐK102;ĐK PKĐK103;ĐK PKĐK104;ĐK PKĐK105;ĐK PKĐK106;ĐK PKĐK107;ĐK PKĐK108;ĐK PKĐK109;ĐK PKĐK110;ĐK PKĐK111
2HPET,Hyperthyroidism,Cường giáp,ĐK BVTP1;ĐK BVTP2;ĐK BVTP3;ĐK BVTP4;ĐK BVTP5;ĐK BVTP6;ĐK BVTP7;ĐK BVTP8;ĐK BVTP9;ĐK BVTP10;ĐK BVTP11;ĐK BVTP12;ĐK BVTP13;ĐK BVQH1;ĐK BVQH2;ĐK BVQH3;ĐK BVQH4;ĐK BVQH5;ĐK BVQH6;ĐK BVQH7;ĐK BVQH8;ĐK BVQH9;ĐK BVQH10;ĐK BVQH11;ĐK BVQH12;ĐK BVQH13;ĐK BVQH14;ĐK BVQH15;ĐK BVQH16;ĐK BVQH17;ĐK BVQH18;ĐK BVQH19;ĐK BVQH20;ĐK BVQH21;ĐK BVQH22;ĐK BVQH23;ĐK BVTN1;ĐK BVTN2;ĐK BVTN3;ĐK BVTN4;ĐK BVTN5;ĐK BVTN6;ĐK BVTN7;ĐK BVTN8;ĐK BVTN9;ĐK BVTN10;ĐK BVTN11;ĐK BVTN12;ĐK BVTN13;ĐK BVTN14;ĐK BVTN15;ĐK BVTN16;ĐK BVTN17;ĐK BVTN18;ĐK BVTN19;ĐK BVQP1;ĐK PKĐK1;ĐK PKĐK2;ĐK PKĐK3;ĐK PKĐK4;ĐK PKĐK5;ĐK PKĐK6;ĐK PKĐK7;ĐK PKĐK8;ĐK PKĐK9;ĐK PKĐK10;ĐK PKĐK11;ĐK PKĐK12;ĐK PKĐK13;ĐK PKĐK14;ĐK PKĐK15;ĐK PKĐK16;ĐK PKĐK17;ĐK PKĐK18;ĐK PKĐK19;ĐK PKĐK20;ĐK PKĐK21;ĐK PKĐK22;ĐK PKĐK23;ĐK PKĐK24;ĐK PKĐK25;ĐK PKĐK26;ĐK PKĐK27;ĐK PKĐK28;ĐK PKĐK29;ĐK PKĐK30;ĐK PKĐK31;ĐK PKĐK32;ĐK PKĐK33;ĐK PKĐK34;ĐK PKĐK35;ĐK PKĐK36;ĐK PKĐK37;ĐK PKĐK38;ĐK PKĐK39;ĐK PKĐK40;ĐK PKĐK41;ĐK PKĐK42;ĐK PKĐK43;ĐK PKĐK44;ĐK PKĐK45;ĐK PKĐK46;ĐK PKĐK47;ĐK PKĐK48;ĐK PKĐK49;ĐK PKĐK50;ĐK PKĐK51;ĐK PKĐK52;ĐK PKĐK53;ĐK PKĐK54;ĐK PKĐK55;ĐK PKĐK56;ĐK PKĐK57;ĐK PKĐK58;ĐK PKĐK59;ĐK PKĐK60;ĐK PKĐK61;ĐK PKĐK62;ĐK PKĐK63;ĐK PKĐK64;ĐK PKĐK65;ĐK PKĐK66;ĐK PKĐK67;ĐK PKĐK68;ĐK PKĐK69;ĐK PKĐK70;ĐK PKĐK71;ĐK PKĐK72;ĐK PKĐK73;ĐK PKĐK74;ĐK PKĐK75;ĐK PKĐK76;ĐK PKĐK77;ĐK PKĐK78;ĐK PKĐK79;ĐK PKĐK80;ĐK PKĐK81;ĐK PKĐK82;ĐK PKĐK83;ĐK PKĐK84;ĐK PKĐK85;ĐK PKĐK86;ĐK PKĐK87;ĐK PKĐK88;ĐK PKĐK89;ĐK PKĐK90;ĐK PKĐK91;ĐK PKĐK92;ĐK PKĐK93;ĐK PKĐK94;ĐK PKĐK95;ĐK PKĐK96;ĐK PKĐK97;ĐK PKĐK98;ĐK PKĐK99;ĐK PKĐK100;ĐK PKĐK101;ĐK PKĐK102;ĐK PKĐK103;ĐK PKĐK104;ĐK PKĐK105;ĐK PKĐK106;ĐK PKĐK107;ĐK PKĐK108;ĐK PKĐK109;ĐK PKĐK110;ĐK PKĐK111
2HPGL,Hypoglycemia,Hạ đường huyết,ĐK BVTP1;ĐK BVTP2;ĐK BVTP3;ĐK BVTP4;ĐK BVTP5;ĐK BVTP6;ĐK BVTP7;ĐK BVTP8;ĐK BVTP9;ĐK BVTP10;ĐK BVTP11;ĐK BVTP12;ĐK BVTP13;ĐK BVQH1;ĐK BVQH2;ĐK BVQH3;ĐK BVQH4;ĐK BVQH5;ĐK BVQH6;ĐK BVQH7;ĐK BVQH8;ĐK BVQH9;ĐK BVQH10;ĐK BVQH11;ĐK BVQH12;ĐK BVQH13;ĐK BVQH14;ĐK BVQH15;ĐK BVQH16;ĐK BVQH17;ĐK BVQH18;ĐK BVQH19;ĐK BVQH20;ĐK BVQH21;ĐK BVQH22;ĐK BVQH23;ĐK BVTN1;ĐK BVTN2;ĐK BVTN3;ĐK BVTN4;ĐK BVTN5;ĐK BVTN6;ĐK BVTN7;ĐK BVTN8;ĐK BVTN9;ĐK BVTN10;ĐK BVTN11;ĐK BVTN12;ĐK BVTN13;ĐK BVTN14;ĐK BVTN15;ĐK BVTN16;ĐK BVTN17;ĐK BVTN18;ĐK BVTN19;ĐK BVQP1;ĐK PKĐK1;ĐK PKĐK2;ĐK PKĐK3;ĐK PKĐK4;ĐK PKĐK5;ĐK PKĐK6;ĐK PKĐK7;ĐK PKĐK8;ĐK PKĐK9;ĐK PKĐK10;ĐK PKĐK11;ĐK PKĐK12;ĐK PKĐK13;ĐK PKĐK14;ĐK PKĐK15;ĐK PKĐK16;ĐK PKĐK17;ĐK PKĐK18;ĐK PKĐK19;ĐK PKĐK20;ĐK PKĐK21;ĐK PKĐK22;ĐK PKĐK23;ĐK PKĐK24;ĐK PKĐK25;ĐK PKĐK26;ĐK PKĐK27;ĐK PKĐK28;ĐK PKĐK29;ĐK PKĐK30;ĐK PKĐK31;ĐK PKĐK32;ĐK PKĐK33;ĐK PKĐK34;ĐK PKĐK35;ĐK PKĐK36;ĐK PKĐK37;ĐK PKĐK38;ĐK PKĐK39;ĐK PKĐK40;ĐK PKĐK41;ĐK PKĐK42;ĐK PKĐK43;ĐK PKĐK44;ĐK PKĐK45;ĐK PKĐK46;ĐK PKĐK47;ĐK PKĐK48;ĐK PKĐK49;ĐK PKĐK50;ĐK PKĐK51;ĐK PKĐK52;ĐK PKĐK53;ĐK PKĐK54;ĐK PKĐK55;ĐK PKĐK56;ĐK PKĐK57;ĐK PKĐK58;ĐK PKĐK59;ĐK PKĐK60;ĐK PKĐK61;ĐK PKĐK62;ĐK PKĐK63;ĐK PKĐK64;ĐK PKĐK65;ĐK PKĐK66;ĐK PKĐK67;ĐK PKĐK68;ĐK PKĐK69;ĐK PKĐK70;ĐK PKĐK71;ĐK PKĐK72;ĐK PKĐK73;ĐK PKĐK74;ĐK PKĐK75;ĐK PKĐK76;ĐK PKĐK77;ĐK PKĐK78;ĐK PKĐK79;ĐK PKĐK80;ĐK PKĐK81;ĐK PKĐK82;ĐK PKĐK83;ĐK PKĐK84;ĐK PKĐK85;ĐK PKĐK86;ĐK PKĐK87;ĐK PKĐK88;ĐK PKĐK89;ĐK PKĐK90;ĐK PKĐK91;ĐK PKĐK92;ĐK PKĐK93;ĐK PKĐK94;ĐK PKĐK95;ĐK PKĐK96;ĐK PKĐK97;ĐK PKĐK98;ĐK PKĐK99;ĐK PKĐK100;ĐK PKĐK101;ĐK PKĐK102;ĐK PKĐK103;ĐK PKĐK104;ĐK PKĐK105;ĐK PKĐK106;ĐK PKĐK107;ĐK PKĐK108;ĐK PKĐK109;ĐK PKĐK110;ĐK PKĐK111
2OSTD,Osteoarthristis,Thoái hóa khớp,ĐK BVTP1;ĐK BVTP2;ĐK BVTP3;ĐK BVTP4;ĐK BVTP5;ĐK BVTP6;ĐK BVTP7;ĐK BVTP8;ĐK BVTP9;ĐK BVTP10;ĐK BVTP11;ĐK BVTP12;ĐK BVTP13;ĐK BVQH1;ĐK BVQH2;ĐK BVQH3;ĐK BVQH4;ĐK BVQH5;ĐK BVQH6;ĐK BVQH7;ĐK BVQH8;ĐK BVQH9;ĐK BVQH10;ĐK BVQH11;ĐK BVQH12;ĐK BVQH13;ĐK BVQH14;ĐK BVQH15;ĐK BVQH16;ĐK BVQH17;ĐK BVQH18;ĐK BVQH19;ĐK BVQH20;ĐK BVQH21;ĐK BVQH22;ĐK BVQH23;ĐK BVTN1;ĐK BVTN2;ĐK BVTN3;ĐK BVTN4;ĐK BVTN5;ĐK BVTN6;ĐK BVTN7;ĐK BVTN8;ĐK BVTN9;ĐK BVTN10;ĐK BVTN11;ĐK BVTN12;ĐK BVTN13;ĐK BVTN14;ĐK BVTN15;ĐK BVTN16;ĐK BVTN17;ĐK BVTN18;ĐK BVTN19;ĐK BVQP1;ĐK PKĐK1;ĐK PKĐK2;ĐK PKĐK3;ĐK PKĐK4;ĐK PKĐK5;ĐK PKĐK6;ĐK PKĐK7;ĐK PKĐK8;ĐK PKĐK9;ĐK PKĐK10;ĐK PKĐK11;ĐK PKĐK12;ĐK PKĐK13;ĐK PKĐK14;ĐK PKĐK15;ĐK PKĐK16;ĐK PKĐK17;ĐK PKĐK18;ĐK PKĐK19;ĐK PKĐK20;ĐK PKĐK21;ĐK PKĐK22;ĐK PKĐK23;ĐK PKĐK24;ĐK PKĐK25;ĐK PKĐK26;ĐK PKĐK27;ĐK PKĐK28;ĐK PKĐK29;ĐK PKĐK30;ĐK PKĐK31;ĐK PKĐK32;ĐK PKĐK33;ĐK PKĐK34;ĐK PKĐK35;ĐK PKĐK36;ĐK PKĐK37;ĐK PKĐK38;ĐK PKĐK39;ĐK PKĐK40;ĐK PKĐK41;ĐK PKĐK42;ĐK PKĐK43;ĐK PKĐK44;ĐK PKĐK45;ĐK PKĐK46;ĐK PKĐK47;ĐK PKĐK48;ĐK PKĐK49;ĐK PKĐK50;ĐK PKĐK51;ĐK PKĐK52;ĐK PKĐK53;ĐK PKĐK54;ĐK PKĐK55;ĐK PKĐK56;ĐK PKĐK57;ĐK PKĐK58;ĐK PKĐK59;ĐK PKĐK60;ĐK PKĐK61;ĐK PKĐK62;ĐK PKĐK63;ĐK PKĐK64;ĐK PKĐK65;ĐK PKĐK66;ĐK PKĐK67;ĐK PKĐK68;ĐK PKĐK69;ĐK PKĐK70;ĐK PKĐK71;ĐK PKĐK72;ĐK PKĐK73;ĐK PKĐK74;ĐK PKĐK75;ĐK PKĐK76;ĐK PKĐK77;ĐK PKĐK78;ĐK PKĐK79;ĐK PKĐK80;ĐK PKĐK81;ĐK PKĐK82;ĐK PKĐK83;ĐK PKĐK84;ĐK PKĐK85;ĐK PKĐK86;ĐK PKĐK87;ĐK PKĐK88;ĐK PKĐK89;ĐK PKĐK90;ĐK PKĐK91;ĐK PKĐK92;ĐK PKĐK93;ĐK PKĐK94;ĐK PKĐK95;ĐK PKĐK96;ĐK PKĐK97;ĐK PKĐK98;ĐK PKĐK99;ĐK PKĐK100;ĐK PKĐK101;ĐK PKĐK102;ĐK PKĐK103;ĐK PKĐK104;ĐK PKĐK105;ĐK PKĐK106;ĐK PKĐK107;ĐK PKĐK108;ĐK PKĐK109;ĐK PKĐK110;ĐK PKĐK111
2ARTH,Arthritis,Viêm khớp,ĐK BVTP1;ĐK BVTP2;ĐK BVTP3;ĐK BVTP4;ĐK BVTP5;ĐK BVTP6;ĐK BVTP7;ĐK BVTP8;ĐK BVTP9;ĐK BVTP10;ĐK BVTP11;ĐK BVTP12;ĐK BVTP13;ĐK BVQH1;ĐK BVQH2;ĐK BVQH3;ĐK BVQH4;ĐK BVQH5;ĐK BVQH6;ĐK BVQH7;ĐK BVQH8;ĐK BVQH9;ĐK BVQH10;ĐK BVQH11;ĐK BVQH12;ĐK BVQH13;ĐK BVQH14;ĐK BVQH15;ĐK BVQH16;ĐK BVQH17;ĐK BVQH18;ĐK BVQH19;ĐK BVQH20;ĐK BVQH21;ĐK BVQH22;ĐK BVQH23;ĐK BVTN1;ĐK BVTN2;ĐK BVTN3;ĐK BVTN4;ĐK BVTN5;ĐK BVTN6;ĐK BVTN7;ĐK BVTN8;ĐK BVTN9;ĐK BVTN10;ĐK BVTN11;ĐK BVTN12;ĐK BVTN13;ĐK BVTN14;ĐK BVTN15;ĐK BVTN16;ĐK BVTN17;ĐK BVTN18;ĐK BVTN19;ĐK BVQP1;ĐK PKĐK1;ĐK PKĐK2;ĐK PKĐK3;ĐK PKĐK4;ĐK PKĐK5;ĐK PKĐK6;ĐK PKĐK7;ĐK PKĐK8;ĐK PKĐK9;ĐK PKĐK10;ĐK PKĐK11;ĐK PKĐK12;ĐK PKĐK13;ĐK PKĐK14;ĐK PKĐK15;ĐK PKĐK16;ĐK PKĐK17;ĐK PKĐK18;ĐK PKĐK19;ĐK PKĐK20;ĐK PKĐK21;ĐK PKĐK22;ĐK PKĐK23;ĐK PKĐK24;ĐK PKĐK25;ĐK PKĐK26;ĐK PKĐK27;ĐK PKĐK28;ĐK PKĐK29;ĐK PKĐK30;ĐK PKĐK31;ĐK PKĐK32;ĐK PKĐK33;ĐK PKĐK34;ĐK PKĐK35;ĐK PKĐK36;ĐK PKĐK37;ĐK PKĐK38;ĐK PKĐK39;ĐK PKĐK40;ĐK PKĐK41;ĐK PKĐK42;ĐK PKĐK43;ĐK PKĐK44;ĐK PKĐK45;ĐK PKĐK46;ĐK PKĐK47;ĐK PKĐK48;ĐK PKĐK49;ĐK PKĐK50;ĐK PKĐK51;ĐK PKĐK52;ĐK PKĐK53;ĐK PKĐK54;ĐK PKĐK55;ĐK PKĐK56;ĐK PKĐK57;ĐK PKĐK58;ĐK PKĐK59;ĐK PKĐK60;ĐK PKĐK61;ĐK PKĐK62;ĐK PKĐK63;ĐK PKĐK64;ĐK PKĐK65;ĐK PKĐK66;ĐK PKĐK67;ĐK PKĐK68;ĐK PKĐK69;ĐK PKĐK70;ĐK PKĐK71;ĐK PKĐK72;ĐK PKĐK73;ĐK PKĐK74;ĐK PKĐK75;ĐK PKĐK76;ĐK PKĐK77;ĐK PKĐK78;ĐK PKĐK79;ĐK PKĐK80;ĐK PKĐK81;ĐK PKĐK82;ĐK PKĐK83;ĐK PKĐK84;ĐK PKĐK85;ĐK PKĐK86;ĐK PKĐK87;ĐK PKĐK88;ĐK PKĐK89;ĐK PKĐK90;ĐK PKĐK91;ĐK PKĐK92;ĐK PKĐK93;ĐK PKĐK94;ĐK PKĐK95;ĐK PKĐK96;ĐK PKĐK97;ĐK PKĐK98;ĐK PKĐK99;ĐK PKĐK100;ĐK PKĐK101;ĐK PKĐK102;ĐK PKĐK103;ĐK PKĐK104;ĐK PKĐK105;ĐK PKĐK106;ĐK PKĐK107;ĐK PKĐK108;ĐK PKĐK109;ĐK PKĐK110;ĐK PKĐK111
2VPPV,(vertigo) Paroymsal  Positional Vertigo,Chóng mặt kịch phát tư thế lành tính,ĐK BVTP1;ĐK BVTP2;ĐK BVTP3;ĐK BVTP4;ĐK BVTP5;ĐK BVTP6;ĐK BVTP7;ĐK BVTP8;ĐK BVTP9;ĐK BVTP10;ĐK BVTP11;ĐK BVTP12;ĐK BVTP13;ĐK BVQH1;ĐK BVQH2;ĐK BVQH3;ĐK BVQH4;ĐK BVQH5;ĐK BVQH6;ĐK BVQH7;ĐK BVQH8;ĐK BVQH9;ĐK BVQH10;ĐK BVQH11;ĐK BVQH12;ĐK BVQH13;ĐK BVQH14;ĐK BVQH15;ĐK BVQH16;ĐK BVQH17;ĐK BVQH18;ĐK BVQH19;ĐK BVQH20;ĐK BVQH21;ĐK BVQH22;ĐK BVQH23;ĐK BVTN1;ĐK BVTN2;ĐK BVTN3;ĐK BVTN4;ĐK BVTN5;ĐK BVTN6;ĐK BVTN7;ĐK BVTN8;ĐK BVTN9;ĐK BVTN10;ĐK BVTN11;ĐK BVTN12;ĐK BVTN13;ĐK BVTN14;ĐK BVTN15;ĐK BVTN16;ĐK BVTN17;ĐK BVTN18;ĐK BVTN19;ĐK BVQP1;ĐK PKĐK1;ĐK PKĐK2;ĐK PKĐK3;ĐK PKĐK4;ĐK PKĐK5;ĐK PKĐK6;ĐK PKĐK7;ĐK PKĐK8;ĐK PKĐK9;ĐK PKĐK10;ĐK PKĐK11;ĐK PKĐK12;ĐK PKĐK13;ĐK PKĐK14;ĐK PKĐK15;ĐK PKĐK16;ĐK PKĐK17;ĐK PKĐK18;ĐK PKĐK19;ĐK PKĐK20;ĐK PKĐK21;ĐK PKĐK22;ĐK PKĐK23;ĐK PKĐK24;ĐK PKĐK25;ĐK PKĐK26;ĐK PKĐK27;ĐK PKĐK28;ĐK PKĐK29;ĐK PKĐK30;ĐK PKĐK31;ĐK PKĐK32;ĐK PKĐK33;ĐK PKĐK34;ĐK PKĐK35;ĐK PKĐK36;ĐK PKĐK37;ĐK PKĐK38;ĐK PKĐK39;ĐK PKĐK40;ĐK PKĐK41;ĐK PKĐK42;ĐK PKĐK43;ĐK PKĐK44;ĐK PKĐK45;ĐK PKĐK46;ĐK PKĐK47;ĐK PKĐK48;ĐK PKĐK49;ĐK PKĐK50;ĐK PKĐK51;ĐK PKĐK52;ĐK PKĐK53;ĐK PKĐK54;ĐK PKĐK55;ĐK PKĐK56;ĐK PKĐK57;ĐK PKĐK58;ĐK PKĐK59;ĐK PKĐK60;ĐK PKĐK61;ĐK PKĐK62;ĐK PKĐK63;ĐK PKĐK64;ĐK PKĐK65;ĐK PKĐK66;ĐK PKĐK67;ĐK PKĐK68;ĐK PKĐK69;ĐK PKĐK70;ĐK PKĐK71;ĐK PKĐK72;ĐK PKĐK73;ĐK PKĐK74;ĐK PKĐK75;ĐK PKĐK76;ĐK PKĐK77;ĐK PKĐK78;ĐK PKĐK79;ĐK PKĐK80;ĐK PKĐK81;ĐK PKĐK82;ĐK PKĐK83;ĐK PKĐK84;ĐK PKĐK85;ĐK PKĐK86;ĐK PKĐK87;ĐK PKĐK88;ĐK PKĐK89;ĐK PKĐK90;ĐK PKĐK91;ĐK PKĐK92;ĐK PKĐK93;ĐK PKĐK94;ĐK PKĐK95;ĐK PKĐK96;ĐK PKĐK97;ĐK PKĐK98;ĐK PKĐK99;ĐK PKĐK100;ĐK PKĐK101;ĐK PKĐK102;ĐK PKĐK103;ĐK PKĐK104;ĐK PKĐK105;ĐK PKĐK106;ĐK PKĐK107;ĐK PKĐK108;ĐK PKĐK109;ĐK PKĐK110;ĐK PKĐK111
3ACNE,Acne,Mụn,ĐK BVTP1;ĐK BVTP2;ĐK BVTP3;ĐK BVTP4;ĐK BVTP5;ĐK BVTP6;ĐK BVTP7;ĐK BVTP8;ĐK BVTP9;ĐK BVTP10;ĐK BVTP11;ĐK BVTP12;ĐK BVTP13;ĐK BVQH1;ĐK BVQH2;ĐK BVQH3;ĐK BVQH4;ĐK BVQH5;ĐK BVQH6;ĐK BVQH7;ĐK BVQH8;ĐK BVQH9;ĐK BVQH10;ĐK BVQH11;ĐK BVQH12;ĐK BVQH13;ĐK BVQH14;ĐK BVQH15;ĐK BVQH16;ĐK BVQH17;ĐK BVQH18;ĐK BVQH19;ĐK BVQH20;ĐK BVQH21;ĐK BVQH22;ĐK BVQH23;ĐK BVTN1;ĐK BVTN2;ĐK BVTN3;ĐK BVTN4;ĐK BVTN5;ĐK BVTN6;ĐK BVTN7;ĐK BVTN8;ĐK BVTN9;ĐK BVTN10;ĐK BVTN11;ĐK BVTN12;ĐK BVTN13;ĐK BVTN14;ĐK BVTN15;ĐK BVTN16;ĐK BVTN17;ĐK BVTN18;ĐK BVTN19;ĐK BVQP1;ĐK PKĐK1;ĐK PKĐK2;ĐK PKĐK3;ĐK PKĐK4;ĐK PKĐK5;ĐK PKĐK6;ĐK PKĐK7;ĐK PKĐK8;ĐK PKĐK9;ĐK PKĐK10;ĐK PKĐK11;ĐK PKĐK12;ĐK PKĐK13;ĐK PKĐK14;ĐK PKĐK15;ĐK PKĐK16;ĐK PKĐK17;ĐK PKĐK18;ĐK PKĐK19;ĐK PKĐK20;ĐK PKĐK21;ĐK PKĐK22;ĐK PKĐK23;ĐK PKĐK24;ĐK PKĐK25;ĐK PKĐK26;ĐK PKĐK27;ĐK PKĐK28;ĐK PKĐK29;ĐK PKĐK30;ĐK PKĐK31;ĐK PKĐK32;ĐK PKĐK33;ĐK PKĐK34;ĐK PKĐK35;ĐK PKĐK36;ĐK PKĐK37;ĐK PKĐK38;ĐK PKĐK39;ĐK PKĐK40;ĐK PKĐK41;ĐK PKĐK42;ĐK PKĐK43;ĐK PKĐK44;ĐK PKĐK45;ĐK PKĐK46;ĐK PKĐK47;ĐK PKĐK48;ĐK PKĐK49;ĐK PKĐK50;ĐK PKĐK51;ĐK PKĐK52;ĐK PKĐK53;ĐK PKĐK54;ĐK PKĐK55;ĐK PKĐK56;ĐK PKĐK57;ĐK PKĐK58;ĐK PKĐK59;ĐK PKĐK60;ĐK PKĐK61;ĐK PKĐK62;ĐK PKĐK63;ĐK PKĐK64;ĐK PKĐK65;ĐK PKĐK66;ĐK PKĐK67;ĐK PKĐK68;ĐK PKĐK69;ĐK PKĐK70;ĐK PKĐK71;ĐK PKĐK72;ĐK PKĐK73;ĐK PKĐK74;ĐK PKĐK75;ĐK PKĐK76;ĐK PKĐK77;ĐK PKĐK78;ĐK PKĐK79;ĐK PKĐK80;ĐK PKĐK81;ĐK PKĐK82;ĐK PKĐK83;ĐK PKĐK84;ĐK PKĐK85;ĐK PKĐK86;ĐK PKĐK87;ĐK PKĐK88;ĐK PKĐK89;ĐK PKĐK90;ĐK PKĐK91;ĐK PKĐK92;ĐK PKĐK93;ĐK PKĐK94;ĐK PKĐK95;ĐK PKĐK96;ĐK PKĐK97;ĐK PKĐK98;ĐK PKĐK99;ĐK PKĐK100;ĐK PKĐK101;ĐK PKĐK102;ĐK PKĐK103;ĐK PKĐK104;ĐK PKĐK105;ĐK PKĐK106;ĐK PKĐK107;ĐK PKĐK108;ĐK PKĐK109;ĐK PKĐK110;ĐK PKĐK111
2UTID,Urinary tract infection,Nhiễm trùng đường tiết niệu,ĐK BVTP1;ĐK BVTP2;ĐK BVTP3;ĐK BVTP4;ĐK BVTP5;ĐK BVTP6;ĐK BVTP7;ĐK BVTP8;ĐK BVTP9;ĐK BVTP10;ĐK BVTP11;ĐK BVTP12;ĐK BVTP13;ĐK BVQH1;ĐK BVQH2;ĐK BVQH3;ĐK BVQH4;ĐK BVQH5;ĐK BVQH6;ĐK BVQH7;ĐK BVQH8;ĐK BVQH9;ĐK BVQH10;ĐK BVQH11;ĐK BVQH12;ĐK BVQH13;ĐK BVQH14;ĐK BVQH15;ĐK BVQH16;ĐK BVQH17;ĐK BVQH18;ĐK BVQH19;ĐK BVQH20;ĐK BVQH21;ĐK BVQH22;ĐK BVQH23;ĐK BVTN1;ĐK BVTN2;ĐK BVTN3;ĐK BVTN4;ĐK BVTN5;ĐK BVTN6;ĐK BVTN7;ĐK BVTN8;ĐK BVTN9;ĐK BVTN10;ĐK BVTN11;ĐK BVTN12;ĐK BVTN13;ĐK BVTN14;ĐK BVTN15;ĐK BVTN16;ĐK BVTN17;ĐK BVTN18;ĐK BVTN19;ĐK BVQP1;ĐK PKĐK1;ĐK PKĐK2;ĐK PKĐK3;ĐK PKĐK4;ĐK PKĐK5;ĐK PKĐK6;ĐK PKĐK7;ĐK PKĐK8;ĐK PKĐK9;ĐK PKĐK10;ĐK PKĐK11;ĐK PKĐK12;ĐK PKĐK13;ĐK PKĐK14;ĐK PKĐK15;ĐK PKĐK16;ĐK PKĐK17;ĐK PKĐK18;ĐK PKĐK19;ĐK PKĐK20;ĐK PKĐK21;ĐK PKĐK22;ĐK PKĐK23;ĐK PKĐK24;ĐK PKĐK25;ĐK PKĐK26;ĐK PKĐK27;ĐK PKĐK28;ĐK PKĐK29;ĐK PKĐK30;ĐK PKĐK31;ĐK PKĐK32;ĐK PKĐK33;ĐK PKĐK34;ĐK PKĐK35;ĐK PKĐK36;ĐK PKĐK37;ĐK PKĐK38;ĐK PKĐK39;ĐK PKĐK40;ĐK PKĐK41;ĐK PKĐK42;ĐK PKĐK43;ĐK PKĐK44;ĐK PKĐK45;ĐK PKĐK46;ĐK PKĐK47;ĐK PKĐK48;ĐK PKĐK49;ĐK PKĐK50;ĐK PKĐK51;ĐK PKĐK52;ĐK PKĐK53;ĐK PKĐK54;ĐK PKĐK55;ĐK PKĐK56;ĐK PKĐK57;ĐK PKĐK58;ĐK PKĐK59;ĐK PKĐK60;ĐK PKĐK61;ĐK PKĐK62;ĐK PKĐK63;ĐK PKĐK64;ĐK PKĐK65;ĐK PKĐK66;ĐK PKĐK67;ĐK PKĐK68;ĐK PKĐK69;ĐK PKĐK70;ĐK PKĐK71;ĐK PKĐK72;ĐK PKĐK73;ĐK PKĐK74;ĐK PKĐK75;ĐK PKĐK76;ĐK PKĐK77;ĐK PKĐK78;ĐK PKĐK79;ĐK PKĐK80;ĐK PKĐK81;ĐK PKĐK82;ĐK PKĐK83;ĐK PKĐK84;ĐK PKĐK85;ĐK PKĐK86;ĐK PKĐK87;ĐK PKĐK88;ĐK PKĐK89;ĐK PKĐK90;ĐK PKĐK91;ĐK PKĐK92;ĐK PKĐK93;ĐK PKĐK94;ĐK PKĐK95;ĐK PKĐK96;ĐK PKĐK97;ĐK PKĐK98;ĐK PKĐK99;ĐK PKĐK100;ĐK PKĐK101;ĐK PKĐK102;ĐK PKĐK103;ĐK PKĐK104;ĐK PKĐK105;ĐK PKĐK106;ĐK PKĐK107;ĐK PKĐK108;ĐK PKĐK109;ĐK PKĐK110;ĐK PKĐK111
3PSOR,Psoriasis,Vảy nến,ĐK BVTP1;ĐK BVTP2;ĐK BVTP3;ĐK BVTP4;ĐK BVTP5;ĐK BVTP6;ĐK BVTP7;ĐK BVTP8;ĐK BVTP9;ĐK BVTP10;ĐK BVTP11;ĐK BVTP12;ĐK BVTP13;ĐK BVQH1;ĐK BVQH2;ĐK BVQH3;ĐK BVQH4;ĐK BVQH5;ĐK BVQH6;ĐK BVQH7;ĐK BVQH8;ĐK BVQH9;ĐK BVQH10;ĐK BVQH11;ĐK BVQH12;ĐK BVQH13;ĐK BVQH14;ĐK BVQH15;ĐK BVQH16;ĐK BVQH17;ĐK BVQH18;ĐK BVQH19;ĐK BVQH20;ĐK BVQH21;ĐK BVQH22;ĐK BVQH23;ĐK BVTN1;ĐK BVTN2;ĐK BVTN3;ĐK BVTN4;ĐK BVTN5;ĐK BVTN6;ĐK BVTN7;ĐK BVTN8;ĐK BVTN9;ĐK BVTN10;ĐK BVTN11;ĐK BVTN12;ĐK BVTN13;ĐK BVTN14;ĐK BVTN15;ĐK BVTN16;ĐK BVTN17;ĐK BVTN18;ĐK BVTN19;ĐK BVQP1;ĐK PKĐK1;ĐK PKĐK2;ĐK PKĐK3;ĐK PKĐK4;ĐK PKĐK5;ĐK PKĐK6;ĐK PKĐK7;ĐK PKĐK8;ĐK PKĐK9;ĐK PKĐK10;ĐK PKĐK11;ĐK PKĐK12;ĐK PKĐK13;ĐK PKĐK14;ĐK PKĐK15;ĐK PKĐK16;ĐK PKĐK17;ĐK PKĐK18;ĐK PKĐK19;ĐK PKĐK20;ĐK PKĐK21;ĐK PKĐK22;ĐK PKĐK23;ĐK PKĐK24;ĐK PKĐK25;ĐK PKĐK26;ĐK PKĐK27;ĐK PKĐK28;ĐK PKĐK29;ĐK PKĐK30;ĐK PKĐK31;ĐK PKĐK32;ĐK PKĐK33;ĐK PKĐK34;ĐK PKĐK35;ĐK PKĐK36;ĐK PKĐK37;ĐK PKĐK38;ĐK PKĐK39;ĐK PKĐK40;ĐK PKĐK41;ĐK PKĐK42;ĐK PKĐK43;ĐK PKĐK44;ĐK PKĐK45;ĐK PKĐK46;ĐK PKĐK47;ĐK PKĐK48;ĐK PKĐK49;ĐK PKĐK50;ĐK PKĐK51;ĐK PKĐK52;ĐK PKĐK53;ĐK PKĐK54;ĐK PKĐK55;ĐK PKĐK56;ĐK PKĐK57;ĐK PKĐK58;ĐK PKĐK59;ĐK PKĐK60;ĐK PKĐK61;ĐK PKĐK62;ĐK PKĐK63;ĐK PKĐK64;ĐK PKĐK65;ĐK PKĐK66;ĐK PKĐK67;ĐK PKĐK68;ĐK PKĐK69;ĐK PKĐK70;ĐK PKĐK71;ĐK PKĐK72;ĐK PKĐK73;ĐK PKĐK74;ĐK PKĐK75;ĐK PKĐK76;ĐK PKĐK77;ĐK PKĐK78;ĐK PKĐK79;ĐK PKĐK80;ĐK PKĐK81;ĐK PKĐK82;ĐK PKĐK83;ĐK PKĐK84;ĐK PKĐK85;ĐK PKĐK86;ĐK PKĐK87;ĐK PKĐK88;ĐK PKĐK89;ĐK PKĐK90;ĐK PKĐK91;ĐK PKĐK92;ĐK PKĐK93;ĐK PKĐK94;ĐK PKĐK95;ĐK PKĐK96;ĐK PKĐK97;ĐK PKĐK98;ĐK PKĐK99;ĐK PKĐK100;ĐK PKĐK101;ĐK PKĐK102;ĐK PKĐK103;ĐK PKĐK104;ĐK PKĐK105;ĐK PKĐK106;ĐK PKĐK107;ĐK PKĐK108;ĐK PKĐK109;ĐK PKĐK110;ĐK PKĐK111
3IMPE,Impetigo,Chốc lở,ĐK BVTP1;ĐK BVTP2;ĐK BVTP3;ĐK BVTP4;ĐK BVTP5;ĐK BVTP6;ĐK BVTP7;ĐK BVTP8;ĐK BVTP9;ĐK BVTP10;ĐK BVTP11;ĐK BVTP12;ĐK BVTP13;ĐK BVQH1;ĐK BVQH2;ĐK BVQH3;ĐK BVQH4;ĐK BVQH5;ĐK BVQH6;ĐK BVQH7;ĐK BVQH8;ĐK BVQH9;ĐK BVQH10;ĐK BVQH11;ĐK BVQH12;ĐK BVQH13;ĐK BVQH14;ĐK BVQH15;ĐK BVQH16;ĐK BVQH17;ĐK BVQH18;ĐK BVQH19;ĐK BVQH20;ĐK BVQH21;ĐK BVQH22;ĐK BVQH23;ĐK BVTN1;ĐK BVTN2;ĐK BVTN3;ĐK BVTN4;ĐK BVTN5;ĐK BVTN6;ĐK BVTN7;ĐK BVTN8;ĐK BVTN9;ĐK BVTN10;ĐK BVTN11;ĐK BVTN12;ĐK BVTN13;ĐK BVTN14;ĐK BVTN15;ĐK BVTN16;ĐK BVTN17;ĐK BVTN18;ĐK BVTN19;ĐK BVQP1;ĐK PKĐK1;ĐK PKĐK2;ĐK PKĐK3;ĐK PKĐK4;ĐK PKĐK5;ĐK PKĐK6;ĐK PKĐK7;ĐK PKĐK8;ĐK PKĐK9;ĐK PKĐK10;ĐK PKĐK11;ĐK PKĐK12;ĐK PKĐK13;ĐK PKĐK14;ĐK PKĐK15;ĐK PKĐK16;ĐK PKĐK17;ĐK PKĐK18;ĐK PKĐK19;ĐK PKĐK20;ĐK PKĐK21;ĐK PKĐK22;ĐK PKĐK23;ĐK PKĐK24;ĐK PKĐK25;ĐK PKĐK26;ĐK PKĐK27;ĐK PKĐK28;ĐK PKĐK29;ĐK PKĐK30;ĐK PKĐK31;ĐK PKĐK32;ĐK PKĐK33;ĐK PKĐK34;ĐK PKĐK35;ĐK PKĐK36;ĐK PKĐK37;ĐK PKĐK38;ĐK PKĐK39;ĐK PKĐK40;ĐK PKĐK41;ĐK PKĐK42;ĐK PKĐK43;ĐK PKĐK44;ĐK PKĐK45;ĐK PKĐK46;ĐK PKĐK47;ĐK PKĐK48;ĐK PKĐK49;ĐK PKĐK50;ĐK PKĐK51;ĐK PKĐK52;ĐK PKĐK53;ĐK PKĐK54;ĐK PKĐK55;ĐK PKĐK56;ĐK PKĐK57;ĐK PKĐK58;ĐK PKĐK59;ĐK PKĐK60;ĐK PKĐK61;ĐK PKĐK62;ĐK PKĐK63;ĐK PKĐK64;ĐK PKĐK65;ĐK PKĐK66;ĐK PKĐK67;ĐK PKĐK68;ĐK PKĐK69;ĐK PKĐK70;ĐK PKĐK71;ĐK PKĐK72;ĐK PKĐK73;ĐK PKĐK74;ĐK PKĐK75;ĐK PKĐK76;ĐK PKĐK77;ĐK PKĐK78;ĐK PKĐK79;ĐK PKĐK80;ĐK PKĐK81;ĐK PKĐK82;ĐK PKĐK83;ĐK PKĐK84;ĐK PKĐK85;ĐK PKĐK86;ĐK PKĐK87;ĐK PKĐK88;ĐK PKĐK89;ĐK PKĐK90;ĐK PKĐK91;ĐK PKĐK92;ĐK PKĐK93;ĐK PKĐK94;ĐK PKĐK95;ĐK PKĐK96;ĐK PKĐK97;ĐK PKĐK98;ĐK PKĐK99;ĐK PKĐK100;ĐK PKĐK101;ĐK PKĐK102;ĐK PKĐK103;ĐK PKĐK104;ĐK PKĐK105;ĐK PKĐK106;ĐK PKĐK107;ĐK PKĐK108;ĐK PKĐK109;ĐK PKĐK110;ĐK PKĐK111
